207.162,22.2015,2.79484,0.510117,0.494133,65.05,7.84471,6.60872,1.87895,0.51772,1.30973,0.385407,0.521058,0.100961,0.0740533,5.58526,0.74713,0.253699,0.283113,0.211863,3.16271,0.91246,0.30111,0.473512,0.191105,1.82894,0.637646,0.310677,0.0831767,0.146849,1.14664,0.44525,0.291248,0.114272,0.143765,3.39788,1.13195,2.36545,0.269825,0.449269,1.97489,0.93431,2.12845,0.319883,0.382064,20.4214,1.61563,1.91338,0.581724,0.275211,1.51208,0.961944,0.598969,0.220984,0.126409,16.6326,2.21467,1.61758,0.560182,0.172177,22.8426,5.47865,1.16067,0.553414,0.146329,129.71,18.8602,3.18935,0.973982,0.273149,0,65,,,,,,
43.0027,6.01765,1.07411,0.319992,0.14169,5.84855,0.618422,0.154772,0.287527,0.12387,0.327721,0.191497,0.375568,0.0876426,0.0532071,0.891682,0.153935,0.111279,0.112478,0.135804,0.291118,0.159796,0.0992225,0.120718,0.093127,0.806946,0.710879,0.293951,0.0702222,0.140334,0.574499,0.396121,0.159512,0.0951356,0.112198,1.58718,1.52538,1.10618,0.509896,0.380447,0.633345,0.783841,0.991475,0.326916,0.31061,0.958782,1.02629,1.08167,0.482055,0.186982,0.40875,0.328401,0.386377,0.175448,0.080635,1.61553,0.715985,0.7623,0.309332,0.135602,2.88091,1.33765,0.605046,0.296955,0.144882,39.7684,6.53435,1.64525,0.427503,0.146379,0,70,,,,,,
3.46272,1.66922,1.04216,0.585906,0.21523,2.74977,0.93229,0.217402,0.319642,0.124421,0.120487,0.108745,0.16301,0.114655,0.0670385,0.248858,0.465495,0.0967669,0.10954,0.197105,0.285721,0.268545,0.188904,0.166486,0.076738,0.37571,0.415728,0.291359,0.154686,0.115307,0.364368,0.187849,0.209785,0.290844,0.0974334,0.718401,1.07139,1.50425,0.823353,0.390222,0.284696,0.647978,1.35816,0.389278,0.310917,0.437047,0.958923,1.49994,0.349044,0.149415,0.103754,0.145779,0.479869,0.167225,0.0975555,0.33304,0.337268,0.39141,0.268957,0.112053,0.87461,1.40121,1.15771,0.251888,0.171484,3.39846,1.3902,1.32545,0.64281,0.186011,1,75,,,,,,
2.69058,1.71191,1.19941,0.982335,0.199382,3.62391,2.67583,0.518384,0.433744,0.153127,0.194309,0.201842,0.14468,0.146158,0.0642789,0.660123,0.909962,0.352343,0.339582,0.165344,0.3741,0.517519,0.165815,0.145826,0.091627,0.453337,0.609835,0.474155,0.263847,0.11004,0.265986,0.492947,0.21348,0.383153,0.118083,0.621817,1.83101,1.33474,0.835199,0.338737,0.265489,1.44298,1.15748,0.626147,0.235125,0.42902,1.54734,1.58048,0.57513,0.150488,0.158417,0.340474,0.55404,0.320074,0.102056,0.725601,0.687179,0.462031,0.429279,0.107323,1.2487,1.22796,1.24146,0.489574,0.179161,3.46724,2.18547,1.56259,0.980067,0.186951,0,80,,,,,,
83.8252,6.37784,3.0052,1.11361,0.503396,101.307,21.968,0.797986,0.468668,0.220946,0.86469,0.223945,0.142817,0.107721,0.0498004,8.1147,0.773121,0.468873,0.321496,0.138061,3.53792,4.10777,2.38472,1.20318,0.219615,0.679033,0.609712,0.569093,0.184551,0.0974491,0.289536,0.517721,0.313127,0.215658,0.125697,1.38712,2.29564,1.60864,0.706506,0.381955,0.791795,1.76391,1.32106,0.700454,0.23485,10.4795,2.91851,2.03714,0.528509,0.254309,0.417482,0.356458,0.449049,0.217434,0.0837125,1.14754,0.482409,0.591406,0.297234,0.131847,58.1118,6.86436,1.33899,0.596861,0.162918,64.7645,11.8542,2.95523,0.792312,0.532585,0,85,,,,,,
372.455,31.6492,8.96497,1.99201,1.16714,344.374,75.1203,1.43864,0.936785,0.468977,3.10747,0.567684,0.328059,0.0661389,0.0654226,28.7647,1.28549,0.785699,0.164603,0.178532,19.6722,16.2995,7.68696,4.05124,0.921973,1.53161,0.821519,0.286872,0.114912,0.11581,0.758141,0.62318,0.308151,0.141164,0.142798,3.64598,2.41765,2.1937,0.799524,0.534781,1.73628,1.69288,1.25737,0.676849,0.28285,37.6742,4.38029,2.05058,0.433916,0.374731,0.926154,0.147396,0.350246,0.123493,0.136549,2.80181,0.530027,0.591061,0.257993,0.160402,194.581,19.628,1.56668,0.544023,0.203503,196.156,31.0662,6.20279,0.508392,1.08301,0,90,,,,,,
147.671,16.7967,4.06074,1.04578,0.497147,105.44,24.6775,0.681627,0.569739,0.277931,1.30832,0.298481,0.319174,0.0661266,0.0790558,10.5877,0.608617,0.50153,0.10356,0.193305,14.287,7.51974,2.92352,1.68492,0.61999,0.837532,0.457974,0.13938,0.131821,0.166603,0.434767,0.364051,0.22538,0.149877,0.141546,1.80484,0.950027,0.938409,0.79414,0.530523,1.14455,0.640752,0.774371,0.568205,0.318044,12.6234,1.32776,1.46638,0.362471,0.288741,0.506245,0.16456,0.356577,0.211218,0.136895,1.93474,0.95838,0.641613,0.376895,0.118732,57.4552,5.72283,1.17236,0.378469,0.244806,57.5249,10.4905,2.50501,0.652443,0.447138,0,95,,,,,,
4.34034,1.77192,1.92423,0.663083,0.266058,1.54059,1.22302,0.666977,0.348968,0.218056,0.204819,0.112306,0.307666,0.144656,0.106665,1.39021,0.424362,0.389409,0.152648,0.229573,0.859048,0.416775,0.203885,0.172883,0.136122,0.403744,0.25418,0.250555,0.20486,0.207924,0.174289,0.17763,0.523653,0.183736,0.187331,0.921229,0.607418,1.38403,0.797169,0.64965,0.902081,0.616299,0.932933,0.597914,0.370521,1.6414,1.11697,1.38436,0.389135,0.294856,0.319903,0.278182,0.696876,0.355147,0.130694,1.82439,0.999694,1.2264,0.594266,0.18355,1.55334,1.10175,1.29931,0.527557,0.294452,2.67293,2.20279,2.55498,1.05351,0.244283,1,100,,,,,,
0.894484,0.762408,2.1612,0.427341,0.236422,1.5706,0.694602,0.929614,0.267171,0.135979,0.173032,0.0516451,0.263291,0.147284,0.080666,0.463273,0.289786,0.484841,0.127042,0.135833,0.196569,0.214461,0.121956,0.138023,0.0672061,0.221481,0.175215,0.573877,0.207644,0.129064,0.0890955,0.24765,0.886339,0.115075,0.128174,0.696483,1.27465,2.91807,0.461366,0.480251,0.639913,1.0383,2.30212,0.520836,0.327097,0.574191,1.6897,3.39886,0.579052,0.220313,0.192093,0.3524,0.770358,0.228659,0.163994,0.858367,0.403953,1.39208,0.369816,0.174091,1.28739,0.756191,1.52386,0.330991,0.204123,0.883979,0.993635,2.89403,0.604931,0.204642,0,105,,,,,,
45.0188,15.1136,2.45021,0.670652,0.393429,190.96,9.34925,1.96588,1.2702,0.387771,0.53627,0.0682807,0.382092,0.0988224,0.0499063,8.64615,3.58847,0.966144,0.272057,0.191088,4.17617,2.82835,1.29368,0.452655,0.146849,0.582678,0.203231,0.628843,0.26776,0.127881,0.283452,0.268716,0.934132,0.324365,0.161042,1.85805,1.0395,4.49524,0.999873,0.590508,1.29394,0.739429,4.02771,1.03494,0.393395,11.8988,1.24505,4.47102,0.941516,0.309892,0.887503,0.409614,0.964829,0.214917,0.135478,0.604668,0.220305,1.68789,0.208853,0.107595,23.363,4.48231,2.01815,0.262017,0.235507,63.0633,25.7046,5.56636,0.78566,0.376741,0,110,,,,,,
524.52,197.589,10.46,3.52628,2.0926,2335.76,71.4923,17.1846,10.4922,3.24762,4.30544,0.293391,1.03124,0.224668,0.0654714,69.7389,41.2477,7.7398,1.71429,0.424228,38.3739,17.0395,9.80084,2.27359,0.637756,4.05886,0.686187,0.232242,0.20135,0.140297,2.12219,0.538956,0.441662,0.310411,0.212707,8.11502,1.25951,2.48189,1.17177,0.661631,5.53727,0.930388,1.91354,0.786316,0.376646,130.96,2.43828,1.45822,0.687803,0.553869,11.0795,2.25636,0.6963,0.46603,0.173863,1.90215,0.187254,0.662734,0.217023,0.140192,180.792,37.1028,2.69186,0.505464,0.564313,730.961,271.691,18.3896,5.81546,2.05471,0,115,,,,,,
28.1217,15.429,4.13284,0.639617,0.320742,119.684,7.34432,2.12968,0.72119,0.306375,0.438167,0.390496,0.585502,0.116986,0.0654029,2.37433,2.26485,1.37693,0.386531,0.176972,3.1524,0.607221,0.55931,0.340843,0.166384,0.944847,1.94413,1.17223,0.223105,0.190983,0.465207,2.14088,1.35385,0.267999,0.162891,1.76795,10.2849,4.40566,1.01438,0.63111,1.52074,10.9013,4.58375,0.895465,0.307946,8.26246,18.6708,7.51571,0.546813,0.334769,0.809857,2.56728,1.04164,0.172453,0.140651,0.72444,3.66651,2.26257,0.288853,0.186917,5.95156,8.18146,3.87933,0.443197,0.301874,25.4543,15.4418,5.09234,0.938679,0.3532,0,120,,,,,,
9.57062,5.41026,2.97967,1.51389,0.549655,12.7564,5.65358,2.51782,1.33949,0.571845,0.229126,0.196885,0.31726,0.168157,0.0702129,0.766942,0.911308,0.757706,0.403178,0.190894,0.290074,0.371178,0.247994,0.122957,0.0697088,0.506026,1.03147,0.992165,0.27891,0.123055,0.226305,0.747888,0.910057,0.407277,0.134038,1.29566,3.50858,2.55488,1.30998,0.584087,1.27764,3.3853,2.75542,1.44996,0.315747,1.19055,6.02642,3.20397,0.963323,0.288544,0.436274,0.921346,0.442837,0.281462,0.110382,0.452494,1.18478,0.910288,0.37347,0.153985,1.17911,2.74922,1.66814,0.55569,0.243104,14.7468,7.38829,4.58599,2.16149,0.763193,1,125,,,,,,
2.68457,1.1278,0.633034,0.887143,0.18697,5.91417,2.71051,0.629061,0.681918,0.225736,0.291301,0.0924047,0.127565,0.202436,0.047316,1.11866,0.520107,0.535754,0.346198,0.109807,0.506514,0.303453,0.341809,0.204373,0.069884,0.41188,0.30749,0.57944,0.310417,0.0899274,0.289365,0.354083,0.407223,0.387956,0.101332,1.3296,1.27084,1.0252,0.804857,0.490828,1.47707,0.681704,0.869417,0.886816,0.275223,1.89092,0.609877,1.26991,1.02256,0.206784,0.249106,0.317825,0.314048,0.352644,0.0897384,0.249788,0.39128,0.292003,0.404348,0.0903596,2.72687,1.22517,0.614077,0.683081,0.190377,3.32903,1.22407,1.26974,1.00917,0.18705,0,130,,,,,,
71.4287,5.51652,1.03212,0.776212,0.531003,111.021,30.3486,1.83823,0.446853,0.267648,1.6503,0.0865533,0.133748,0.153056,0.0407493,11.9374,0.320061,0.43636,0.180317,0.0943042,11.7276,4.70004,6.73488,0.866759,0.245082,0.838182,0.127414,0.505837,0.225832,0.0891501,0.636605,0.369266,0.231572,0.287778,0.108021,2.76982,1.19251,1.25801,0.464423,0.445525,2.17779,0.539155,0.697445,0.339251,0.220056,32.0879,2.13125,1.1878,0.614642,0.256252,0.910384,0.341431,0.313123,0.153998,0.113546,1.02685,0.308228,0.332982,0.261904,0.100486,93.9851,7.80402,0.417021,0.50986,0.17504,77.2342,10.957,5.07161,0.770078,0.374784,0,135,,,,,,
182.411,15.5141,1.38699,1.15318,0.85602,246.06,66.0387,3.23038,0.539568,0.367047,3.38109,0.0721995,0.126742,0.180517,0.050713,23.1864,0.520358,0.626729,0.128972,0.124313,22.3659,9.74415,17.0408,1.63965,0.537134,0.95116,0.281968,0.248372,0.138444,0.0853754,0.601964,0.578721,0.130418,0.167643,0.10981,4.12401,1.61638,1.82628,0.475612,0.625264,2.18266,0.747705,0.738116,0.305475,0.314922,73.5433,4.01674,1.19086,0.435822,0.365531,2.05749,0.348217,0.349333,0.0589636,0.134736,1.84906,0.36842,0.424581,0.160943,0.125273,202.713,15.1522,0.349754,0.353288,0.224113,189.528,20.1671,8.57764,0.581271,0.527059,0,140,,,,,,
43.8479,4.3293,0.51879,0.617231,0.224356,45.7442,12.3682,0.566612,0.292975,0.179428,0.822474,0.0352871,0.0617679,0.0857049,0.0440388,4.37612,0.272619,0.383796,0.150756,0.14276,3.67471,2.04731,4.05624,0.452516,0.220288,0.415099,0.359788,0.311921,0.130429,0.10556,0.258265,0.428184,0.249854,0.078816,0.119026,1.34019,0.675869,0.69257,0.713047,0.459674,0.775085,0.584965,0.345585,0.381748,0.23807,15.2338,1.35165,0.514977,0.317951,0.247733,0.554384,0.403612,0.134512,0.0649775,0.0876382,0.606858,0.312161,0.334026,0.152002,0.12566,34.8915,3.95114,0.305353,0.270821,0.186584,42.633,4.95109,1.6976,0.311581,0.203445,0,145,,,,,,
1.3858,0.5661,0.406093,0.478145,0.140891,0.639246,0.285793,0.186502,0.317258,0.179621,0.169048,0.0695272,0.155605,0.082446,0.0548241,0.182258,0.213254,0.278739,0.156602,0.126185,0.314304,0.166385,0.0828915,0.149426,0.0994343,0.245119,0.367765,0.356026,0.269423,0.130174,0.169507,0.248899,0.37678,0.247099,0.146462,0.403278,0.558597,0.926147,1.45701,0.383089,0.458064,0.548187,0.79607,0.584993,0.207301,0.375881,0.856984,1.42317,0.529287,0.243906,0.130419,0.351576,0.214386,0.189907,0.109586,0.47642,0.242872,0.396073,0.313226,0.127686,0.429914,1.67222,0.369489,0.421145,0.165926,0.529819,1.1545,0.609383,0.5759,0.188167,1,150,,,,,,
1.19786,1.17198,1.30726,0.703853,0.166625,4.82159,1.77243,0.766501,0.516584,0.217712,0.262352,0.175315,0.388957,0.178982,0.0574307,0.401726,0.413908,0.695056,0.30156,0.128232,0.528497,0.276382,0.159257,0.14373,0.111849,0.447722,0.668691,0.65194,0.240745,0.116317,0.19389,0.38257,0.643034,0.236025,0.132873,0.38187,0.831176,2.31444,1.57714,0.479957,0.342288,0.837858,2.31049,0.879523,0.271991,0.73256,1.44082,3.8385,0.985675,0.344574,0.117772,0.394566,0.5003,0.396496,0.141563,0.538894,0.740346,0.959674,0.402407,0.112256,2.43705,2.33196,0.802073,0.591949,0.257612,2.08308,1.62788,1.43734,0.757934,0.212904,0,155,,,,,,
25.352,19.2495,3.66486,1.93113,0.810257,448.534,35.346,6.55615,2.69343,0.990919,2.18102,0.22649,0.48877,0.186717,0.0813333,14.566,0.581706,0.69478,0.364722,0.400816,9.87578,4.5303,2.76549,0.677622,0.482392,1.51701,0.309138,0.523871,0.235795,0.126589,0.765984,0.2741,0.487928,0.130619,0.118447,1.75838,0.685549,1.69457,1.04672,0.390455,1.14608,0.676079,1.44612,0.945255,0.263162,35.6614,2.38419,1.81507,1.02866,0.339008,1.33905,0.34488,0.283775,0.412678,0.13522,2.1369,0.833073,0.689787,0.317735,0.113688,62.0371,7.54365,0.98521,0.861686,0.306147,86.0855,19.1266,3.23494,1.1764,0.453848,0,160,,,,,,
197.424,107.481,18.2897,5.57109,3.32501,1583.65,100.936,29.1868,8.65186,3.21662,9.8009,0.464612,0.36512,0.186379,0.136103,67.6769,1.81081,1.86976,0.464907,1.40349,40.8948,15.5158,10.6669,1.89933,1.44505,4.47216,0.327533,0.276198,0.158569,0.118355,2.38179,0.194252,0.174204,0.0998141,0.133658,9.06537,1.07383,0.484296,1.17529,0.338867,5.22062,0.815686,0.547256,0.968951,0.215063,147.388,6.1324,0.738194,0.919249,0.380875,6.99776,0.709643,0.159946,0.222633,0.122881,4.06229,0.273553,0.323473,0.181403,0.178088,190.145,21.5166,2.75103,1.61549,0.362952,363.456,82.154,11.5015,3.19251,1.21011,0,165,,,,,,
126.303,55.4112,9.77835,2.48885,1.482,480.717,26.861,12.5366,3.16747,1.14321,4.36916,0.23386,0.162409,0.108385,0.0999999,30.1954,1.29435,1.07555,0.344403,0.759033,17.2174,6.30563,3.94736,0.65755,0.593354,2.54208,0.239316,0.387807,0.124579,0.0970581,1.47725,0.401852,0.303472,0.0974434,0.126072,5.86411,1.12028,0.806221,0.947538,0.351663,3.57219,0.631704,0.590369,0.654169,0.247588,56.4875,2.83916,0.548103,0.561661,0.333192,3.6294,0.461163,0.270825,0.0872963,0.119601,1.99698,0.273603,0.411386,0.12094,0.156756,59.4552,7.38975,1.46099,0.766792,0.241099,154.177,36.3737,5.50195,1.60411,0.576753,0,170,,,,,,
5.30626,2.30034,0.912929,0.355467,0.354205,5.89361,1.53131,1.45267,0.56098,0.457859,0.224292,0.117085,0.199102,0.0652177,0.090039,2.77061,0.814763,0.294098,0.193416,0.229978,1.77287,0.716614,0.166366,0.164702,0.127687,0.806765,0.200747,0.288521,0.133951,0.0932123,0.386089,0.324321,0.309381,0.162345,0.107701,1.21221,1.04062,1.04105,0.944533,0.407306,1.05418,0.414245,0.571927,0.741067,0.319511,2.71278,0.822853,0.427524,0.482048,0.332218,0.423265,0.195743,0.173705,0.0851329,0.123006,0.461856,0.379982,0.328969,0.137002,0.138674,4.91163,0.961566,0.538445,0.30061,0.279519,5.29726,1.56878,0.650728,0.317185,0.290767,1,175,,,,,,
5.57688,1.97706,0.719051,0.635245,0.349623,17.1403,2.44118,0.464451,0.448902,0.194392,0.362475,0.0944761,0.13129,0.0925087,0.0724493,1.7611,0.436831,0.188687,0.310844,0.17589,0.938779,0.743084,0.340094,0.160322,0.11486,0.819701,0.222271,0.0873878,0.155366,0.121235,0.646557,0.168868,0.12431,0.196388,0.124763,2.30848,1.26458,0.659802,1.17293,0.370172,1.83701,1.14954,0.995395,0.878309,0.308403,3.9631,0.890317,0.65781,0.57639,0.278826,0.5959,0.153271,0.148703,0.222803,0.110161,0.699509,0.294528,0.185991,0.198103,0.15634,7.50435,1.16396,0.275769,0.409128,0.24726,7.5647,2.0595,0.954809,0.516961,0.300957,0,180,,,,,,
188.302,44.6096,3.03324,1.83173,2.46117,378.414,51.8192,11.8067,6.53989,1.27205,1.92852,0.35109,0.114895,0.0668899,0.207208,24.6219,1.64241,0.604937,0.460419,0.370955,12.5577,10.8718,6.19883,1.84839,0.757646,1.56472,0.277726,0.0609511,0.162836,0.13192,0.769856,0.37301,0.0681425,0.182008,0.163715,4.54143,1.12625,0.671133,1.25134,0.597691,2.54324,0.731195,0.572203,1.09042,0.429294,54.0007,1.86682,0.655553,0.872759,0.420297,3.87709,0.143401,0.172444,0.166475,0.126355,1.76387,0.63103,0.300773,0.1512,0.241609,155.926,8.43591,0.803298,0.776249,0.560012,183.11,34.3621,10.3723,1.64894,1.01766,0,185,,,,,,
505.505,111.936,7.68929,2.69893,3.68855,454.909,74.7909,25.6803,9.80675,1.54151,3.70922,0.552557,0.183517,0.090486,0.3408,45.3442,2.457,0.634386,0.548714,0.587114,16.9587,13.9398,8.77045,2.46488,1.08711,3.44202,0.467263,0.144731,0.176393,0.106847,0.975,0.468752,0.125526,0.199041,0.157831,6.69746,0.82693,0.668395,0.777954,0.64103,3.12911,0.630261,0.499627,0.687141,0.426489,93.9584,3.36969,0.553893,0.589389,0.533788,5.24832,0.297385,0.160862,0.111444,0.139631,2.22866,0.708036,0.308774,0.144951,0.264764,221.767,12.4732,1.36746,0.86746,0.756262,384.805,69.7265,17.1096,2.20853,1.06374,0,190,,,,,,
129.469,25.4301,2.42549,0.800718,0.680224,45.3422,18.0199,8.7698,2.1874,0.547999,0.892037,0.157266,0.312978,0.0767049,0.10695,8.74601,0.526634,0.211944,0.23651,0.275219,4.4206,1.78996,1.47686,0.430434,0.231987,1.70465,0.272025,0.315724,0.159479,0.0954517,0.66175,0.224657,0.204919,0.199336,0.12418,2.94297,0.629499,0.840061,0.86388,0.384418,1.98983,0.741113,0.760695,0.680708,0.299072,15.4908,1.26052,0.671134,0.524692,0.304405,1.17606,0.179428,0.206963,0.0986385,0.113651,0.837996,0.436351,0.333528,0.199916,0.163963,26.1775,2.24712,0.934116,0.398724,0.314762,83.7693,15.0263,3.18083,0.693179,0.27185,0,195,,,,,,
5.93264,1.87619,1.1726,0.799791,0.337611,7.88091,3.99143,2.11564,0.769495,0.311567,0.211779,0.0805645,0.175305,0.104574,0.0600149,0.751045,0.297572,0.268213,0.278941,0.217361,0.904827,0.186843,0.366061,0.173394,0.10092,0.504783,0.133093,0.335876,0.127095,0.135405,0.33955,0.126658,0.124857,0.163119,0.15636,0.991945,0.428718,1.2518,0.911054,0.345476,0.955289,0.58345,1.27396,1.03985,0.324497,1.30238,0.568917,0.993982,0.710855,0.251287,0.468859,0.185934,0.258628,0.0945868,0.0938153,0.815596,0.474817,0.533878,0.194065,0.146606,1.56925,0.47841,0.888483,0.289806,0.209991,4.05743,1.48376,1.21474,0.596509,0.271545,1,200,,,,,,
1.2941,0.567286,0.504033,0.492692,0.186616,3.95348,0.865772,0.618107,0.415554,0.140458,0.120302,0.0783781,0.200214,0.10487,0.0849008,0.640511,0.219902,0.284169,0.336557,0.235415,0.319697,0.168556,0.211017,0.154335,0.0970854,0.544453,0.122885,0.257554,0.189177,0.159609,0.446056,0.230971,0.153414,0.232355,0.183221,0.507463,0.793041,1.7044,1.05217,0.465195,0.542909,0.611922,1.33545,1.18425,0.383001,0.912202,0.475882,1.07227,0.526409,0.251345,0.169971,0.16672,0.259382,0.10639,0.127968,0.435864,0.329123,0.48682,0.162316,0.120913,2.27716,0.605042,0.740654,0.254301,0.216794,1.89202,0.744308,0.66661,0.326005,0.193518,0,205,,,,,,
96.2407,16.6038,5.9966,1.67378,0.342912,318.607,6.05908,2.52268,1.21361,0.641295,1.65873,0.255398,0.309714,0.104586,0.0779415,17.5015,1.08025,0.647134,0.360119,0.25993,5.26129,5.76708,1.73227,0.90673,0.395146,1.42213,0.240535,0.226326,0.241779,0.112293,0.825788,0.325316,0.269447,0.263743,0.125183,2.86259,2.05407,1.1339,0.826426,0.440962,1.86707,0.710538,0.706317,0.456569,0.239847,40.6438,0.954896,0.81503,0.344358,0.291488,0.832963,0.174414,0.189749,0.0988615,0.132694,0.789556,0.346905,0.487412,0.188752,0.15608,85.0039,1.91375,1.55033,0.272938,0.308925,91.2072,17.4174,2.33698,0.915583,0.613975,0,210,,,,,,
368.543,61.109,21.724,4.74958,0.788124,876.047,22.2624,5.7672,2.22428,1.29225,4.96431,0.51321,0.323348,0.188644,0.0648194,50.1547,1.82102,0.758531,0.482605,0.393167,13.971,14.9578,4.08222,2.30756,0.830004,4.04294,0.281951,0.301345,0.303956,0.107172,2.14656,0.200081,0.310419,0.202129,0.105849,8.6688,2.83977,1.52529,0.675636,0.409232,5.78735,0.888143,0.70673,0.361215,0.158253,107.471,1.381,1.01114,0.351978,0.381686,2.52599,0.233986,0.1965,0.117836,0.129803,1.49566,0.830067,0.576545,0.305478,0.249221,179.522,3.09897,2.7544,0.384372,0.30511,259.191,48.6034,5.08974,1.54142,0.937337,0,215,,,,,,
128.421,21.206,7.0734,1.47915,0.32132,214.17,8.99604,2.06822,0.574143,0.391448,1.79293,0.19161,0.280663,0.101424,0.0546746,12.6773,0.739589,0.410022,0.273361,0.245765,4.53328,3.64928,1.00533,0.773969,0.248818,1.52199,0.387155,0.171747,0.245467,0.120852,0.756841,0.19609,0.294779,0.109764,0.0827179,2.81358,1.3226,0.922059,0.309252,0.307893,1.90496,0.580389,0.604859,0.264679,0.159465,26.1365,0.838799,0.660581,0.192901,0.290541,0.976821,0.18149,0.136945,0.123766,0.10871,0.702747,0.619641,0.352716,0.218536,0.131608,32.1555,1.1217,0.668996,0.240553,0.169153,73.9629,14.3668,1.56746,0.515405,0.259131,0,220,,,,,,
3.08166,1.5475,0.632506,0.275714,0.169779,0.438659,1.1684,0.773321,0.240131,0.194122,0.232217,0.145724,0.215447,0.0770132,0.0683999,0.557936,0.818208,0.630799,0.269646,0.199339,1.23874,0.56905,0.262373,0.227419,0.101471,0.261442,0.388833,0.271407,0.210236,0.104298,0.191343,0.261266,0.39587,0.149622,0.0735646,0.392893,0.711936,1.49628,0.551092,0.293854,0.258715,0.571488,1.01371,0.631125,0.194489,1.06848,1.04762,0.997795,0.425737,0.189212,0.265637,0.333038,0.150264,0.108158,0.126198,0.764156,0.578674,0.307531,0.257409,0.172654,0.875525,0.633872,0.48873,0.217309,0.17157,2.99887,1.23562,0.732116,0.319397,0.169558,1,225,,,,,,
0.630806,0.961444,0.661313,0.297768,0.187653,0.346248,0.679571,0.559234,0.274462,0.137929,0.128216,0.210924,0.196465,0.118684,0.0635363,0.413207,0.505392,0.479294,0.210994,0.193366,0.640421,0.292182,0.146549,0.119905,0.0981338,0.260212,0.249521,0.247381,0.25647,0.130378,0.166806,0.363571,0.292409,0.214249,0.113329,0.493629,0.894334,1.57107,0.719448,0.400255,0.512431,0.56821,1.30613,0.670521,0.30302,0.668121,1.0843,1.43207,0.535328,0.177738,0.224315,0.417036,0.25803,0.119283,0.119106,0.69867,0.486291,0.29803,0.258894,0.185609,0.532959,1.18844,0.69974,0.243921,0.165386,0.774206,1.17999,0.727415,0.406766,0.217428,0,230,,,,,,
11.3235,2.01105,0.39844,0.4968,0.245468,31.3422,3.6159,0.474629,0.244544,0.168455,0.314348,0.087781,0.312028,0.0943635,0.0599329,1.21252,0.12686,0.159337,0.185107,0.136644,0.468322,0.374722,0.183862,0.185348,0.115525,0.433034,0.479237,0.319172,0.437773,0.118681,0.256539,0.371566,0.268385,0.259535,0.122097,1.15388,1.2402,2.14456,0.665487,0.575356,0.957389,0.789553,2.33977,0.721013,0.375066,2.66621,2.00313,1.39607,0.652293,0.180693,0.362421,0.726592,0.187842,0.185323,0.0990056,0.974766,0.247662,0.212663,0.25395,0.130061,13.1153,3.69541,0.445543,0.443937,0.169922,10.197,3.46202,0.69436,0.396475,0.218469,0,235,,,,,,
338.692,61.1993,10.3289,5.13092,0.634731,353.446,37.0655,1.59008,0.675867,0.306491,2.4025,0.0895665,0.187143,0.08517,0.0701716,16.5118,1.04885,0.583509,0.248824,0.248368,7.3689,4.77709,1.2925,0.63884,0.376318,0.905476,0.415288,0.327966,0.293762,0.116813,0.69008,0.353189,0.284881,0.248314,0.163628,1.77833,1.1261,0.905568,0.233497,0.320846,1.04532,0.676263,0.68892,0.238508,0.233898,36.9741,1.89835,0.582117,0.260679,0.365651,0.693313,0.673479,0.259668,0.0617405,0.121484,2.68113,0.212228,0.360827,0.168658,0.0863378,155.237,7.87875,0.990574,0.288246,0.172293,93.3631,27.9154,7.44378,0.939664,0.306537,0,240,,,,,,
35.2,8.15428,3.01896,0.871309,0.208103,17.4107,2.56962,0.647037,0.34766,0.133575,0.207342,0.100484,0.39569,0.08506,0.0580141,2.63918,0.870681,0.721876,0.200173,0.207367,1.12132,0.547678,0.595459,0.214102,0.0994646,0.684244,1.16594,0.577426,0.21372,0.110255,0.417469,1.10222,0.386248,0.311599,0.152337,1.52887,3.06344,1.46518,0.599894,0.321527,1.11218,2.46316,1.0877,0.493995,0.179276,4.91789,2.39792,1.89505,0.578868,0.241468,0.26526,0.67813,0.350189,0.1823,0.122617,1.10567,1.02651,0.698756,0.381257,0.0952727,9.19891,2.26482,0.917305,0.271194,0.198073,8.61323,4.84667,2.53061,0.618498,0.189061,0,245,,,,,,
0.984537,2.26352,2.33007,0.645767,0.272935,0.616699,0.624427,0.936237,0.31485,0.168536,0.0762866,0.100439,0.520721,0.128231,0.0791722,0.292495,0.391258,1.35717,0.219362,0.261078,0.579334,0.398153,0.531004,0.194516,0.079168,0.371546,1.82974,1.13343,0.391283,0.10952,0.229214,1.59752,0.602812,0.34152,0.112987,1.23292,4.93361,2.77286,1.50872,0.36281,0.917853,4.47463,2.61107,1.18099,0.231747,1.51551,5.73439,5.78993,1.02544,0.224551,0.313141,1.0202,0.98316,0.268996,0.130962,0.697801,1.63952,0.845652,0.433682,0.151675,0.579909,2.83773,1.6434,0.427991,0.230135,1.21173,3.77209,2.50263,0.697059,0.286544,1,250,,,,,,
2.64147,1.98419,1.86817,0.516338,0.256387,9.5365,1.41328,1.06074,0.283257,0.201283,0.153254,0.127047,0.28454,0.137265,0.0960119,0.316773,0.641367,0.984182,0.208864,0.218766,0.76351,0.457793,0.239682,0.230262,0.0817423,0.328231,0.579362,0.660849,0.520958,0.137041,0.163637,0.46407,0.635484,0.229946,0.116342,0.864368,1.54486,2.35744,1.21951,0.32498,0.7492,2.58423,3.06845,0.871397,0.243713,1.59759,8.21615,10.6135,1.28693,0.223032,0.406088,1.48944,2.32292,0.47715,0.149258,0.553542,0.858417,0.975854,0.362297,0.143978,3.15654,3.95298,3.84975,0.882687,0.172931,3.69715,3.90582,4.68215,0.937104,0.278854,0,255,,,,,,
326.941,65.8604,22.9885,2.53478,0.628726,392.732,6.22043,1.1885,0.783004,0.408962,1.4393,0.17254,0.236081,0.136154,0.0961298,6.75246,0.506641,0.512212,0.441996,0.251247,9.42391,2.24688,0.893042,0.318913,0.253559,1.35705,0.241579,0.55267,0.252622,0.125879,0.862804,0.389259,0.475719,0.124793,0.119064,2.41459,1.18396,1.49653,0.539368,0.279375,1.99094,1.44179,1.21703,0.378894,0.237345,31.7165,4.68909,2.8887,0.590308,0.308782,1.02439,1.52336,0.773901,0.261386,0.171295,1.06456,1.02508,0.312254,0.293818,0.128468,97.4696,4.09591,1.6995,0.681109,0.248181,162.021,23.7187,5.81281,2.03567,0.521078,0,260,,,,,,
1197.17,241.042,76.2341,8.31051,0.999796,874.262,10.3033,1.17471,1.37679,0.488101,2.82971,0.271938,0.232228,0.124114,0.0856616,16.7021,0.96043,0.632496,0.479344,0.4132,25.1224,4.92988,1.58462,0.479669,0.465904,3.18682,0.62391,0.430642,0.148327,0.106423,1.92833,0.811847,0.511623,0.145583,0.121708,5.24104,2.73478,1.9215,0.590382,0.369461,4.20424,1.90591,1.11782,0.540193,0.245091,73.9659,2.19574,1.48264,0.469532,0.400294,2.34856,1.35597,0.392745,0.151154,0.177868,2.01401,1.11006,0.31287,0.381419,0.208096,204.08,3.76705,1.09522,0.449337,0.340635,439.197,65.6135,9.07321,3.41157,0.640467,0,265,,,,,,
390.307,76.9856,23.041,2.74274,0.314836,165.502,2.39694,0.32804,0.49255,0.192588,0.620483,0.192281,0.096252,0.0891947,0.0410768,5.11999,0.87111,0.520057,0.304917,0.218239,6.04392,1.24214,0.32108,0.238568,0.179521,0.929035,0.612244,0.348951,0.208742,0.115445,0.505483,0.668492,0.348467,0.259344,0.114859,1.5814,1.57366,0.618147,0.657771,0.37623,1.31285,1.14764,0.442191,0.591469,0.214693,14.694,1.12174,0.789825,0.684168,0.343964,0.732568,0.543045,0.235315,0.186221,0.147604,0.66254,0.584709,0.176362,0.266021,0.187007,34.3832,1.69958,0.197136,0.327984,0.239341,119.255,20.9559,2.45089,0.83666,0.279377,0,270,,,,,,
10.8265,3.45513,1.23109,0.425686,0.192996,1.43966,0.66121,0.271375,0.188177,0.169171,0.123259,0.136387,0.104297,0.06988,0.0573071,0.934596,0.408324,0.276852,0.294416,0.127151,0.288598,0.226778,0.0667208,0.150208,0.0865654,0.343964,0.309034,0.365745,0.267719,0.101918,0.120742,0.210537,0.323553,0.291211,0.107758,0.48269,0.572011,0.370642,0.995998,0.392111,0.36272,0.612157,0.324074,0.675167,0.248069,0.479432,0.704369,0.386701,0.56343,0.191244,0.0751162,0.227384,0.114131,0.129862,0.12071,0.176443,0.420121,0.188358,0.227172,0.0922391,0.38465,0.727263,0.250139,0.322478,0.1685,5.04632,2.4034,0.973569,0.445078,0.22501,1,275,,,,,,
1.12677,0.728876,0.498445,0.346363,0.173593,0.642965,0.318926,0.212587,0.182377,0.184439,0.212293,0.112302,0.133744,0.0831036,0.0523692,0.497607,0.235264,0.183764,0.245145,0.100098,0.216275,0.245258,0.129275,0.09336,0.109567,0.532299,0.298164,0.267534,0.366967,0.135956,0.265007,0.202123,0.275156,0.304787,0.159744,0.551487,0.747433,0.722704,1.47314,0.408347,0.374398,0.643254,0.806928,0.995301,0.308405,0.605437,0.672435,0.56329,0.323062,0.188894,0.122919,0.136615,0.123796,0.147857,0.125203,0.323681,0.383844,0.343878,0.305077,0.0959,0.418226,0.350425,0.46446,0.292917,0.176554,0.989464,0.728597,0.766132,0.409052,0.160023,0,280,,,,,,
18.429,8.46113,1.36246,0.504385,0.323152,117.008,6.31959,0.624762,0.247316,0.172616,0.364994,0.18078,0.241928,0.096574,0.0512516,1.30379,0.407147,0.399944,0.212187,0.122985,3.37016,2.79927,0.913448,0.160047,0.170899,0.57557,0.423202,0.350557,0.51135,0.128519,0.427278,0.32764,0.324449,0.408239,0.144495,1.39913,2.26648,1.50691,0.727527,0.39003,0.7652,1.79078,1.41666,0.660358,0.25846,5.48382,1.91298,0.770163,0.21582,0.214827,0.171576,0.209526,0.17939,0.145896,0.138665,0.5059,0.722604,0.292597,0.276032,0.0978159,18.97,2.38186,0.288898,0.30008,0.151931,47.93,5.28299,1.76542,0.541631,0.272654,0,285,,,,,,
401.677,139.359,15.8551,2.72878,1.63006,894.238,35.5616,3.32888,1.64126,0.45157,1.1461,0.521595,0.390383,0.0984487,0.0884623,18.9003,0.869841,1.95481,0.663158,0.217823,20.9954,18.1206,5.3986,0.743101,0.379533,1.5786,0.537196,0.30317,0.32424,0.0984968,1.14384,0.444378,0.389454,0.353423,0.0712678,4.49254,2.55451,1.12954,0.817817,0.365743,2.42824,2.12038,0.814543,0.791705,0.222969,37.6517,5.10731,0.982267,0.376798,0.344869,0.756513,0.331361,0.351738,0.207806,0.163009,0.823608,0.856607,0.237647,0.215507,0.0941444,110.243,13.1746,0.574283,0.815939,0.234207,507.44,59.041,15.7094,2.0653,0.856944,0,290,,,,,,
576.08,159.081,17.0702,1.599,1.00861,593.993,21.6744,2.11388,1.04924,0.302628,0.990032,0.515651,0.314435,0.0827126,0.0920556,20.6661,0.959175,1.89813,0.879937,0.24071,12.3859,10.7473,3.16555,0.640342,0.331602,1.5364,0.519852,0.248367,0.315301,0.099489,1.06001,0.431691,0.294707,0.32001,0.0779557,3.52669,2.61817,0.904431,1.06852,0.309436,2.6172,2.16163,0.985536,1.1471,0.250736,27.4472,4.85656,1.96929,0.806946,0.366062,1.00309,0.646438,0.574555,0.268713,0.130324,0.74456,0.838873,0.283521,0.180662,0.117374,55.6134,8.98757,1.12711,0.654011,0.215221,486.147,61.8368,15.5693,1.78351,0.524227,0,295,,,,,,
7.90035,2.91413,1.14513,1.00064,0.476164,2.80094,1.12422,0.531279,0.629604,0.241033,0.252736,0.13025,0.254215,0.12631,0.0431083,0.967213,0.24026,0.357431,0.165228,0.161237,0.204919,0.0898375,0.131197,0.185283,0.135137,0.699603,0.1578,0.248963,0.259369,0.103155,0.645049,0.205701,0.177656,0.381145,0.0920589,2.03884,0.567003,0.546596,0.727616,0.245075,1.52495,0.693781,0.753552,0.699105,0.187082,6.84332,1.85849,1.3716,0.528637,0.261594,0.292981,0.166583,0.185364,0.181272,0.138463,0.737756,0.294501,0.270291,0.322132,0.126115,0.774834,0.3692,0.548892,0.3573,0.264987,2.03063,1.16882,0.583412,0.577165,0.191927,1,300,,,,,,
4.05389,1.5445,0.642952,0.776738,0.27213,12.8157,1.36731,0.488941,0.548479,0.232841,0.222607,0.183338,0.307943,0.186956,0.0489819,1.48217,0.400846,0.439779,0.25688,0.137781,0.440127,0.168765,0.205975,0.155936,0.124768,0.708585,0.285171,0.292887,0.225532,0.118822,0.449453,0.200719,0.30984,0.313933,0.106893,1.96744,0.568144,0.700824,0.921762,0.323132,1.31731,0.413431,0.741164,0.879668,0.219167,12.9451,4.26454,1.9739,0.85219,0.262281,0.32841,0.336903,0.517951,0.260718,0.125556,0.607871,0.559533,0.459262,0.386579,0.144989,5.12492,0.519825,0.870206,0.604205,0.27961,5.12982,1.62348,1.0422,0.735488,0.195624,0,305,,,,,,
186.495,35.9514,7.28194,2.15946,0.928679,307.842,28.3239,4.34321,1.04087,0.463658,1.68841,0.23885,0.404779,0.213135,0.066796,4.66549,0.701429,0.601893,0.407809,0.130458,11.0636,3.1923,1.30992,0.546277,0.950826,1.06581,0.623572,0.423075,0.235102,0.0896694,0.989725,0.379178,0.352624,0.216336,0.0940963,3.47353,0.994946,1.35333,1.04498,0.273168,2.78532,0.641648,1.14192,1.21077,0.182331,35.0413,2.78117,1.70856,1.16115,0.228225,0.967667,0.880339,1.07249,0.286681,0.115929,0.833687,0.820749,0.716254,0.413802,0.132872,113.95,4.02229,1.21925,0.691246,0.35689,119.193,18.5922,5.06724,1.8187,0.825301,0,310,,,,,,
534.502,102.63,19.83,4.07028,1.14529,507.72,42.4313,6.59961,1.22585,0.494345,3.09021,0.270294,0.350961,0.160562,0.0802941,7.99393,1.00231,0.680618,0.498185,0.11347,20.4606,7.85481,2.48821,0.841779,1.44943,1.71539,0.477564,0.316994,0.25576,0.0674357,1.7325,0.370046,0.243877,0.216273,0.0607819,5.86844,1.42195,1.88437,0.960757,0.22073,5.02415,1.05582,1.78495,1.18806,0.165292,59.7987,2.83805,1.79233,0.899635,0.237012,1.60671,0.823676,0.793455,0.224783,0.136386,0.786375,0.633673,0.732067,0.33817,0.12685,191.09,6.42942,0.917463,0.521498,0.306494,223.725,41.1913,8.21985,1.68193,0.827374,0,315,,,,,,
133.952,26.0749,5.27617,1.09866,0.240384,62.8603,5.85492,1.24283,0.336332,0.182206,0.630881,0.202629,0.145199,0.0875501,0.0541438,1.70921,0.402091,0.498803,0.291328,0.135144,3.21937,1.86413,0.530198,0.346472,0.297511,0.851276,0.470967,0.311856,0.284604,0.086118,0.558418,0.191864,0.310626,0.280826,0.0878628,2.251,1.1572,1.083,0.706634,0.259639,1.84846,0.752155,0.952908,0.719499,0.145173,9.0326,0.640494,0.761245,0.48304,0.219328,0.500623,0.308147,0.325014,0.214346,0.144459,0.350187,0.353036,0.563659,0.261988,0.110738,24.7749,1.28192,0.638124,0.246266,0.133682,44.7149,10.7342,2.487,0.566942,0.187335,0,320,,,,,,
2.42647,0.886873,0.890015,0.655917,0.198725,0.957237,0.388785,0.508921,0.201027,0.172641,0.223888,0.214669,0.1795,0.129165,0.0407221,0.253525,0.17639,0.320724,0.204025,0.126587,0.230108,0.126637,0.175081,0.292124,0.115524,0.679092,0.533578,0.334404,0.28458,0.111973,0.366541,0.144472,0.263526,0.318048,0.116783,0.836387,0.642999,0.974939,0.73995,0.404462,0.729449,0.417085,0.675378,0.601839,0.225619,0.462021,0.472723,0.50964,0.446241,0.164836,0.193395,0.234632,0.173303,0.242703,0.0989684,0.264969,0.342816,0.357931,0.262966,0.0980882,0.540686,0.391196,0.336538,0.377184,0.146663,1.7904,1.2154,0.81983,0.791878,0.175664,1,325,,,,,,
1.90183,0.674795,0.862914,0.523202,0.168822,1.28331,0.800488,0.685774,0.349084,0.274187,0.258293,0.194476,0.288111,0.116323,0.0554183,0.450134,0.208583,0.144576,0.219099,0.129837,0.261774,0.170206,0.172754,0.242099,0.126621,0.717884,0.432412,0.364496,0.235772,0.105726,0.578959,0.236214,0.294235,0.19131,0.109696,0.715183,0.757133,1.4554,0.819367,0.428561,0.851883,0.804233,1.09301,0.598326,0.222008,0.631441,0.856337,0.530483,0.315112,0.146448,0.166157,0.11973,0.130333,0.19378,0.0809919,0.258563,0.218841,0.392758,0.240607,0.112093,0.958313,0.605058,0.371131,0.409553,0.179597,3.03847,1.77318,1.04663,0.515889,0.185644,0,330,,,,,,
73.65,10.3113,3.54928,1.18188,0.407887,114.591,7.56919,1.03925,0.314284,0.256392,0.997281,0.225017,0.342277,0.0912762,0.0609238,1.31484,0.381736,0.284176,0.208757,0.183963,15.9198,1.96416,1.01236,0.624131,0.523936,0.826783,0.180886,0.229711,0.182315,0.0832802,0.57337,0.21389,0.346333,0.130524,0.0974558,1.11868,1.17688,1.87472,0.668893,0.450631,0.925181,0.892018,1.46061,0.526284,0.309764,8.81681,1.49225,1.45014,0.372083,0.224602,0.319079,0.198899,0.317545,0.209862,0.108851,0.880611,0.269414,0.566572,0.241411,0.120579,33.343,3.02788,1.15358,0.317706,0.192781,97.2097,10.49,2.84658,0.46371,0.372956,0,335,,,,,,
624.592,97.4728,32.443,6.85209,1.67354,422.087,24.5444,3.8934,0.710901,0.47821,3.34761,0.627716,0.797471,0.17684,0.0931582,5.84199,0.611751,0.724656,0.232539,0.511049,101.472,8.81373,4.53379,2.52942,1.52125,2.58121,0.778254,0.661296,0.277918,0.0968602,1.49016,0.804517,0.953895,0.253204,0.133788,5.76353,4.68806,5.4259,0.757918,0.60028,3.58315,5.14883,6.23927,0.710061,0.396557,39.031,14.2446,11.993,1.09872,0.353412,1.80507,3.7965,2.37836,0.318793,0.171988,2.69182,3.72781,2.99203,0.353991,0.154384,125.406,19.0282,9.9002,0.359824,0.285242,481.666,67.1853,21.2077,0.939174,0.932551,0,340,,,,,,
424.305,69.7801,25.7501,4.77862,1.14399,134.222,7.6453,2.47713,0.496612,0.337971,1.899,0.43422,0.66221,0.205744,0.109164,3.44604,0.575123,0.851622,0.255119,0.472749,53.483,4.9868,2.20914,1.41777,0.547352,2.2952,1.21378,0.989173,0.415703,0.101195,1.55014,1.21514,1.21703,0.366216,0.152208,5.40934,6.24883,6.24392,0.991144,0.553142,3.40293,8.41463,7.32537,0.947564,0.284888,19.3479,23.04,13.9799,0.929787,0.397754,2.08158,7.50747,2.80951,0.276895,0.135329,1.95954,6.78776,3.25449,0.406848,0.144628,45.217,21.9744,9.69411,0.323489,0.280736,246.393,53.0285,19.2472,0.664461,0.504898,0,345,,,,,,
17.7611,3.02074,2.13374,0.903119,0.299934,5.70056,1.47703,0.925785,0.471983,0.225721,0.233231,0.126488,0.363903,0.114684,0.079521,0.539552,0.503702,0.727552,0.333532,0.206322,1.70631,0.314267,0.167901,0.123974,0.126778,0.968009,0.326886,0.58321,0.386999,0.093798,0.851565,0.409434,0.415244,0.302035,0.126559,1.79861,2.06457,2.19116,0.581885,0.513073,1.18583,2.313,2.96267,0.559661,0.271394,1.82506,4.78973,2.97992,0.353884,0.263854,0.993549,1.61638,0.564045,0.17093,0.123175,0.722398,1.45752,0.727054,0.247477,0.102398,3.88642,5.1428,1.6133,0.438096,0.222317,10.8346,5.82325,2.89424,0.704191,0.308072,1,350,,,,,,
1.20844,0.327586,0.528574,0.486495,0.186052,0.532267,0.41509,0.396609,0.228843,0.114062,0.271091,0.0742788,0.282024,0.0591394,0.0690376,0.834164,0.539581,0.507834,0.255325,0.122266,0.133019,0.0880973,0.116008,0.0872434,0.104752,0.714583,0.11091,0.514294,0.421403,0.114673,0.386864,0.125024,0.29044,0.248297,0.129611,0.700167,0.735987,1.65477,0.559451,0.505307,0.450041,1.0214,2.4117,0.519371,0.383997,0.464722,1.52811,1.38581,0.191008,0.246439,0.248562,0.222383,0.323876,0.116641,0.111134,0.646491,0.206993,0.456995,0.163967,0.144469,1.50849,1.01083,0.523194,0.28322,0.188532,1.7206,0.541481,0.782748,0.424536,0.299557,0,355,,,,,,
429.797,31.7145,9.51277,1.85293,1.90672,452.546,33.1762,5.82932,1.2424,0.383228,4.70171,0.272094,0.589298,0.10641,0.127187,5.68779,1.03992,0.678495,0.235597,0.296893,55.6229,4.13467,2.45902,2.78551,0.831235,1.53624,0.462454,0.712548,0.206074,0.190862,0.487326,0.133939,0.23577,0.195619,0.186464,1.88259,0.279705,0.894511,0.574475,0.381115,1.44767,0.201417,0.848264,0.610977,0.276916,25.3551,2.66331,0.963112,0.512897,0.358403,0.256241,0.584571,0.264531,0.188463,0.150536,1.54777,0.626354,0.364843,0.303304,0.105037,128.021,10.7707,1.16064,0.381614,0.395759,275.77,23.4916,7.95202,1.14241,0.833792,0,360,,,,,,
499.289,43.8555,10.81,1.52205,1.72334,319.937,22.2732,5.46671,1.29138,0.439866,3.84172,0.343408,0.440305,0.0698541,0.137888,5.34799,1.30326,0.486862,0.296335,0.367684,50.9253,3.26835,1.66685,1.97761,0.667968,1.45697,0.349452,0.227347,0.208182,0.135082,0.588883,0.152265,0.145561,0.223134,0.196289,1.77759,0.553497,0.700552,0.566022,0.342097,1.49956,0.428212,0.514765,0.58705,0.234286,20.8196,1.98675,0.834511,0.346474,0.318413,0.269752,0.279346,0.168788,0.212527,0.127556,1.48934,0.492728,0.305471,0.282068,0.130269,93.6632,6.71209,0.975489,0.500973,0.286847,215.411,19.948,5.95816,1.21014,0.709996,0,365,,,,,,
42.6637,4.33132,1.2381,0.317336,0.43293,16.3092,1.78168,1.05086,0.279571,0.272045,0.220883,0.0852899,0.159069,0.0668525,0.0955034,0.757555,0.508997,0.320483,0.205478,0.236482,3.32042,0.439095,0.230137,0.325157,0.135043,0.377601,0.28248,0.113684,0.202247,0.103589,0.247099,0.209433,0.10085,0.226895,0.174578,0.523123,0.585151,0.288086,0.419453,0.346385,0.56819,0.464997,0.413818,0.314256,0.225501,1.65422,0.69009,0.301219,0.233279,0.263148,0.22301,0.136945,0.106822,0.227993,0.104949,0.418473,0.219304,0.211606,0.328746,0.125272,4.06,0.548684,0.323959,0.293993,0.179537,13.5747,1.57533,0.654375,0.524304,0.247268,0,370,,,,,,
1.49707,0.457541,0.300835,0.362834,0.25586,1.08191,0.171363,0.180379,0.16073,0.151977,0.0964914,0.019496,0.119929,0.0768127,0.0861741,0.362938,0.230487,0.259914,0.210798,0.170312,0.269343,0.137748,0.0694559,0.115381,0.0885185,1.1288,0.433788,0.256085,0.151997,0.089161,0.470507,0.291504,0.232138,0.132928,0.130952,0.785345,0.603499,0.427596,0.322337,0.359236,1.02563,0.377688,0.44782,0.213078,0.252988,1.05649,0.385303,0.360606,0.215934,0.20098,0.367803,0.146437,0.0647754,0.112324,0.115611,0.499182,0.240412,0.159259,0.19998,0.103199,0.845035,0.30412,0.0859435,0.136213,0.160165,1.30522,0.42205,0.357752,0.249888,0.191278,1,375,,,,,,
1.87256,0.654396,0.542519,0.364801,0.203459,2.30114,0.929406,0.833169,0.293119,0.177836,0.158998,0.0725328,0.227778,0.0574439,0.0890959,0.365758,0.210123,0.327968,0.189164,0.128913,0.182013,0.187823,0.0849352,0.0859499,0.103679,0.790479,0.503835,0.442371,0.166573,0.115425,0.36457,0.350729,0.268497,0.122882,0.120806,0.669388,1.17011,0.738947,0.391684,0.264886,1.0285,0.900594,0.652388,0.367689,0.280218,0.906606,0.542329,0.411851,0.197865,0.264878,0.309065,0.23705,0.0775131,0.0951694,0.122217,0.40225,0.345267,0.186094,0.150463,0.100469,1.38924,0.617777,0.371806,0.157303,0.235846,4.55546,2.0457,0.922875,0.343053,0.256171,0,380,,,,,,
126.614,16.1603,4.28647,1.06147,0.456272,119.821,8.59933,2.23345,0.70608,0.253136,1.33381,0.275113,0.213231,0.0573445,0.079645,1.08027,0.417455,0.473171,0.181006,0.228421,24.152,0.827909,0.832753,0.44447,0.250646,0.666225,0.611495,0.805168,0.267242,0.114703,0.420062,0.417138,0.362312,0.169994,0.119056,1.19845,2.20847,1.17799,0.471769,0.282848,0.926161,1.4424,0.885264,0.461636,0.287169,7.20957,1.3453,0.569771,0.242355,0.338135,0.306446,0.364406,0.107309,0.114782,0.124553,0.341445,0.445112,0.246498,0.165388,0.101964,35.6873,1.81271,0.558136,0.226651,0.195393,122.654,11.7836,3.25244,0.799038,0.429423,0,385,,,,,,
894.023,129.772,29.043,4.31605,1.68759,413.403,25.4197,5.9866,2.42666,0.690031,4.9638,0.837783,0.329436,0.110858,0.0815744,4.68627,0.424261,0.295858,0.311513,0.353263,126.088,3.63819,3.00259,1.0925,0.606732,2.48891,0.996805,0.520813,0.190698,0.112967,1.33249,0.547897,0.193177,0.176261,0.125416,4.32039,4.53495,1.44767,0.499609,0.342658,2.42742,3.31622,0.742324,0.322267,0.249182,29.0392,3.93059,0.990666,0.405704,0.419452,0.824539,0.462846,0.207076,0.14744,0.123462,0.917351,0.936243,0.351249,0.118816,0.137232,113.999,4.00139,0.936303,0.461102,0.21015,543.759,55.9828,12.338,2.06296,0.989571,0,390,,,,,,
532.469,83.1031,18.0724,2.21665,0.861384,129.49,7.53602,2.00094,0.984901,0.419114,2.08137,0.45685,0.208623,0.0970757,0.0675818,1.80601,0.292554,0.360902,0.302769,0.259758,54.974,2.16372,1.22668,0.390434,0.282905,1.37825,0.832138,0.391148,0.113029,0.0835139,0.844876,0.466034,0.207615,0.126245,0.13868,1.90348,2.02878,1.17999,0.688176,0.431522,1.21362,1.54659,1.36963,0.55573,0.261885,11.2584,1.61482,0.970554,0.445258,0.375348,0.460528,0.234453,0.216522,0.156147,0.107615,0.594271,0.655268,0.190073,0.152817,0.174624,31.989,1.11048,0.535365,0.351926,0.245345,253.432,30.0066,6.56036,0.875526,0.421243,0,395,,,,,,
17.9375,2.32398,1.41402,0.666599,0.169462,6.83272,1.45411,1.16346,0.695732,0.313413,0.192947,0.109295,0.275235,0.109604,0.0661572,0.415675,0.121238,0.391152,0.386907,0.200068,1.57926,0.258614,0.331436,0.105706,0.111333,0.554602,0.245821,0.41412,0.235624,0.0713857,0.22917,0.153053,0.187837,0.23179,0.119385,0.413109,0.556627,1.23449,1.11452,0.532871,0.382128,0.393011,2.40106,1.09705,0.253728,1.10203,0.455228,1.13775,0.744243,0.24539,0.248329,0.145309,0.306084,0.20925,0.0857995,0.641416,0.0938613,0.153127,0.345722,0.157787,2.01824,0.464725,0.58861,0.529105,0.278445,9.00178,1.7921,1.36827,0.630793,0.237786,1,400,,,,,,
1.10635,0.189651,0.901465,0.54131,0.20913,0.59583,0.101703,0.58105,0.228916,0.162222,0.144709,0.0603772,0.452809,0.105983,0.0900558,0.514291,0.138843,0.672079,0.385937,0.205539,0.234437,0.162167,0.283364,0.127257,0.0943303,0.682824,0.227011,0.31707,0.225565,0.0697946,0.203885,0.142934,0.108695,0.216239,0.109784,0.566841,0.462746,1.00855,0.721022,0.412042,0.47737,0.354595,1.7098,0.758984,0.175517,0.672982,0.400672,1.29367,0.762451,0.228523,0.238149,0.1241,0.293434,0.291897,0.104622,0.814399,0.0930043,0.426703,0.356705,0.157811,0.680324,0.135279,0.530924,0.476109,0.216654,1.94778,0.407075,0.853625,0.467758,0.176259,0,405,,,,,,
15.408,3.81456,1.34889,0.655179,0.283408,19.8943,5.28517,1.24731,0.375807,0.221285,0.359994,0.071005,0.486929,0.113002,0.0749839,0.470237,0.348185,0.482233,0.297084,0.189476,2.74368,0.698701,0.261896,0.236654,0.1262,0.811782,0.43193,0.464273,0.226579,0.0673747,0.285839,0.347993,0.163369,0.17171,0.127324,0.629155,0.691486,1.34813,0.542739,0.509772,0.785265,0.867083,1.76105,0.525452,0.267652,1.91038,1.15762,1.69271,0.817738,0.199347,0.261754,0.164546,0.375956,0.262366,0.136195,0.641775,0.213793,0.618503,0.305982,0.151736,9.86583,1.12546,0.937592,0.384305,0.213054,42.3544,5.87655,2.13755,0.692655,0.27275,0,410,,,,,,
299.213,85.7858,14.0704,2.85052,2.25155,184.674,56.6031,9.47984,1.87838,0.823555,1.63322,0.462586,0.356037,0.21242,0.0993879,2.12794,1.63474,0.993934,0.484794,0.364183,42.082,8.20496,2.11763,0.906966,0.540873,1.65021,1.16741,0.570381,0.205708,0.0991552,1.10727,0.935738,0.449627,0.174985,0.172767,2.63421,1.5163,2.84431,0.654732,0.543361,2.1528,2.23774,2.20257,0.466182,0.316551,21.5952,9.31233,5.16072,0.721925,0.26197,1.04198,1.07589,0.626064,0.208194,0.122046,1.52053,1.24845,0.456158,0.344144,0.109488,98.4893,11.8152,1.2872,0.64272,0.329323,598.678,71.8995,16.0872,2.88841,1.01958,0,415,,,,,,
76.663,19.0312,5.01308,0.874804,0.412497,6.04063,6.26791,2.0165,0.472136,0.206023,0.290679,0.336309,0.399398,0.15042,0.0704343,0.583448,0.780904,0.629336,0.246186,0.162728,6.0589,0.900805,0.521269,0.246761,0.159853,0.519295,0.553211,0.623012,0.292687,0.0679908,0.29811,0.62273,0.835267,0.314213,0.0972356,1.36551,1.31353,2.00776,0.973715,0.39799,1.08849,1.74115,1.3906,1.1997,0.293795,4.53093,4.21093,1.81889,0.938182,0.240881,0.669176,0.631243,0.751079,0.240815,0.12919,1.07045,0.8736,1.41701,0.456463,0.156418,4.75576,2.46039,0.965913,0.573089,0.244103,77.9974,11.1459,3.93299,0.961327,0.29071,0,420,,,,,,
7.89031,2.70415,2.0265,1.19256,0.466212,1.71635,0.780247,0.527178,0.380307,0.239291,0.156299,0.154926,0.194885,0.124167,0.0580363,0.287092,0.199173,0.204946,0.327765,0.105005,0.336302,0.143892,0.171163,0.1547,0.131509,0.818898,0.411018,0.36976,0.363556,0.0482563,0.460294,0.367367,0.531632,0.258087,0.0621259,2.42932,1.17036,0.98195,0.973501,0.337055,1.54846,1.18484,0.85866,0.852754,0.232726,1.80759,0.78044,0.723863,0.67734,0.208197,0.552179,0.214159,0.346642,0.30057,0.0945093,1.19591,0.255074,0.70513,0.471001,0.137994,0.764389,0.670232,0.576837,0.473349,0.232678,5.48629,1.8169,1.83232,1.06248,0.261445,1,425,,,,,,
2.24209,0.91138,0.634651,0.508362,0.211588,36.5422,2.5128,2.36624,0.326819,0.183088,0.279526,0.167852,0.243277,0.0748045,0.0573195,0.505693,0.315897,0.161517,0.211112,0.138161,0.880309,0.348286,0.236007,0.259958,0.118769,0.433354,0.631894,0.431249,0.533814,0.0927626,0.251448,0.584481,0.333065,0.342605,0.0758851,1.29702,1.99249,1.17763,0.953613,0.265381,0.948961,1.49626,1.08155,0.70882,0.217779,1.20832,1.08376,0.619765,0.466551,0.227368,0.313035,0.397543,0.14484,0.178093,0.0812921,0.566092,0.659916,0.326468,0.284864,0.115995,3.37016,1.15447,0.304409,0.320389,0.246967,10.3501,2.68794,0.846802,0.534608,0.171616,0,430,,,,,,
168.302,45.5563,9.19267,1.29755,0.691567,1357.48,92.1806,63.0916,4.56456,0.739647,3.29305,0.682914,0.596462,0.189918,0.0741923,2.7602,0.693226,0.274759,0.222041,0.162179,15.8228,3.23074,0.568388,0.251885,0.244005,1.8604,0.792517,0.68927,0.508468,0.158796,1.08278,0.406891,0.273451,0.409888,0.10631,2.91946,1.4888,0.907473,0.762466,0.278133,1.57467,1.05338,0.844346,0.541485,0.234948,14.3428,2.08257,0.833927,0.514422,0.281653,0.687606,0.537015,0.189334,0.137497,0.120542,0.928502,0.591929,0.298141,0.248555,0.138809,55.4213,6.02174,1.36093,0.772569,0.370366,298.845,45.9888,7.40547,1.64357,0.806353,0,435,,,,,,
592.491,149.859,27.9111,3.0189,1.3395,2774.36,151.894,108.711,6.5557,0.771015,6.90125,1.76025,0.943833,0.365008,0.101986,5.30187,0.999713,0.261632,0.235593,0.325083,30.1699,6.62924,1.2707,0.289708,0.349245,3.81307,0.469587,0.554506,0.282036,0.17692,1.89859,0.402086,0.266647,0.393234,0.112408,5.93453,1.9791,0.691494,0.725979,0.40186,3.2857,1.56823,0.690632,0.50241,0.289031,23.4487,3.2604,1.07586,0.437868,0.38382,1.19163,0.638739,0.40712,0.167211,0.150972,0.940312,0.877316,0.563904,0.312151,0.205076,73.8856,10.6551,3.75256,1.01634,0.375829,619.204,101.695,13.6953,2.07992,0.927826,0,440,,,,,,
190.309,42.8946,8.02086,0.997082,0.446158,467.544,22.4787,15.2632,1.18375,0.284288,2.17796,0.615553,0.399364,0.14764,0.0691576,2.03115,0.433852,0.310571,0.17717,0.258493,6.50546,1.466,0.465754,0.152403,0.162988,0.887272,0.275819,0.463323,0.289127,0.142268,0.521725,0.257445,0.186257,0.278743,0.103962,1.61897,1.50238,0.740808,1.38826,0.437152,1.08649,1.39026,0.433101,1.28031,0.322233,4.44358,1.23999,0.320364,0.408054,0.287525,0.389972,0.338164,0.755453,0.150388,0.149012,0.786443,0.651466,0.833344,0.374089,0.151742,8.78118,2.29369,1.72228,0.445829,0.295765,131.807,22.8119,3.74527,0.796659,0.363403,0,445,,,,,,
9.37028,2.91261,1.73805,0.915264,0.372073,11.2581,3.56277,2.22467,1.17349,0.52246,0.128514,0.0615525,0.144218,0.0789335,0.0699665,0.268412,0.152619,0.292701,0.218648,0.199729,0.0801294,0.139014,0.200762,0.162225,0.103097,0.108572,0.269281,0.52326,0.387845,0.128125,0.0858735,0.246973,0.296245,0.276459,0.118179,0.286503,1.79141,0.661411,0.96753,0.454897,0.577204,1.20189,0.582915,0.930854,0.320508,0.65824,0.740695,0.336743,0.387843,0.279567,0.190336,0.180749,0.581551,0.197879,0.145914,0.339604,0.260063,0.666447,0.378875,0.0880118,0.827967,0.413148,0.813207,0.479092,0.246884,6.239,2.19213,1.81966,1.02481,0.334447,1,450,,,,,,
0.526144,0.949969,1.48864,0.458985,0.180011,2.86972,1.09691,1.0738,0.476512,0.250511,0.108884,0.0959439,0.199033,0.122874,0.0532313,0.227749,0.253082,0.43273,0.172529,0.124712,0.0703738,0.0931962,0.0625444,0.109817,0.113123,0.1885,0.593231,0.422232,0.259352,0.120188,0.0521425,0.404358,0.40859,0.192614,0.122157,0.333249,1.12751,2.0951,0.570571,0.302709,0.432427,0.467477,2.90197,0.522131,0.267343,0.413257,0.373943,3.31375,0.605633,0.265714,0.0779572,0.215096,1.14047,0.276394,0.135224,0.147329,0.133164,1.01113,0.265583,0.0769431,0.346513,0.520954,1.47852,0.458745,0.155752,0.86164,1.35907,2.13262,0.549124,0.19124,0,455,,,,,,
26.083,12.4588,4.29534,1.16422,0.445258,245.535,27.0527,9.66656,3.61536,0.358803,1.27378,0.334687,0.367853,0.232857,0.0502689,0.92372,0.721308,0.599606,0.190033,0.118187,9.28015,2.18838,0.561382,0.251624,0.196644,0.658226,0.818925,0.628354,0.318935,0.117211,0.328287,0.467942,0.416358,0.247209,0.147309,1.16285,1.05933,3.04444,0.702596,0.382993,0.995321,0.633063,4.40341,0.726369,0.35716,8.31016,1.06214,5.10662,1.20798,0.312379,0.245356,0.572278,1.35192,0.403886,0.141477,0.37489,0.329056,1.20211,0.405465,0.122579,23.2749,10.1077,2.23262,0.980771,0.221373,93.7599,17.0169,6.34887,1.19196,0.475558,0,460,,,,,,
379.206,135.484,34.5027,8.43764,1.79185,1582.13,139.082,56.3574,22.827,1.06979,7.28261,1.80533,0.556644,0.382243,0.0939973,7.97522,2.41041,2.11265,0.610179,0.244227,43.3286,10.1079,3.18206,0.868651,0.51204,3.4584,1.08111,0.71802,0.294398,0.115485,1.90614,0.910064,0.498656,0.279436,0.15216,5.54267,3.01715,2.16706,0.815682,0.402858,4.37723,2.67116,1.88287,0.586416,0.30032,37.9572,5.46319,2.49958,0.724154,0.368683,1.8836,0.639589,0.291662,0.304824,0.147646,1.37658,1.35453,0.933656,0.353991,0.120861,125.101,64.7769,6.61018,2.26476,0.334432,527.754,96.3496,21.6687,4.28771,2.02083,0,465,,,,,,
403.779,127.58,33.9998,7.206,0.831135,963.822,65.0632,29.5798,12.3754,0.74168,4.82494,1.59755,0.67946,0.328413,0.112086,6.71645,2.28033,2.33966,0.535303,0.269877,21.1966,4.61943,1.70113,0.574085,0.305257,3.37563,0.760687,0.459482,0.271015,0.107572,1.49183,0.637436,0.421965,0.255381,0.129301,4.35406,2.57071,1.6554,0.87239,0.360446,2.99245,2.38594,1.41096,0.572797,0.264782,18.3976,3.69728,2.25625,0.718008,0.327731,1.30702,0.438485,0.646492,0.295612,0.138904,1.05749,1.21016,1.39104,0.374765,0.129369,72.2519,37.2467,4.28497,1.52809,0.226382,298.48,66.0515,13.3472,2.21717,0.970707,0,470,,,,,,
34.0487,9.14789,6.4507,1.35649,0.32717,38.8795,3.04749,2.47475,0.643837,0.198052,0.319344,0.236485,0.870194,0.146966,0.0711881,0.548536,0.914403,2.00907,0.255604,0.230423,0.95243,0.456043,0.496705,0.146484,0.120245,0.482546,0.51408,0.56954,0.245998,0.0923651,0.186315,0.204773,0.448813,0.362627,0.130286,0.616527,0.658691,2.6809,0.967144,0.385214,0.462499,0.594992,2.99182,0.686147,0.252366,0.87041,0.872995,3.54493,0.503934,0.194715,0.185641,0.247627,1.20207,0.300663,0.100928,0.249427,0.304323,1.96182,0.412994,0.113544,2.9628,1.84493,1.56147,0.502844,0.165215,21.2477,4.56367,4.13653,1.01586,0.240956,1,475,,,,,,
2.86676,2.11348,2.81323,0.664272,0.462525,17.1383,1.36301,1.51661,0.373212,0.188564,0.219957,0.306719,0.432415,0.0919668,0.0615565,0.334451,0.242505,0.375831,0.217176,0.145291,1.2984,0.424423,0.309432,0.197666,0.10536,0.234893,0.752949,1.28901,0.253997,0.0938053,0.153229,0.844737,1.16461,0.132667,0.126298,0.619577,2.76437,4.26356,0.921541,0.426919,0.537072,1.51529,3.47175,0.796068,0.324361,1.92492,0.731119,3.81406,0.626114,0.261788,0.318423,0.43039,1.45924,0.219852,0.091993,0.247691,1.03385,1.57479,0.309901,0.121625,2.99316,1.13045,3.1604,0.432527,0.214463,6.78637,2.81137,3.93994,0.693282,0.242805,0,480,,,,,,
149.129,17.3526,6.02872,3.41725,2.39931,381.696,23.6731,9.93845,3.29128,0.682549,1.03284,0.36071,0.336157,0.0860657,0.158794,2.55047,0.663836,0.536838,0.289112,0.295758,25.707,4.5625,1.67007,0.529022,0.262273,1.73366,0.794242,0.726847,0.216641,0.136676,1.10572,0.870259,0.655076,0.151969,0.148849,3.12786,2.7223,1.56264,0.49461,0.557517,2.06002,1.58258,1.13726,0.290345,0.344527,19.321,2.78949,1.94957,0.568122,0.424632,0.696328,0.395313,0.633854,0.128771,0.183944,0.771718,1.10829,0.8999,0.288811,0.188291,49.5282,3.48538,2.32298,0.296996,0.341037,213.415,29.0162,4.3939,2.59847,0.691416,0,485,,,,,,
419.745,52.1317,11.384,3.5044,2.37752,575.652,45.7311,10.1646,3.16454,0.625276,2.06625,0.366616,0.247979,0.106428,0.19248,4.29356,0.630708,0.680554,0.343385,0.457699,48.4235,6.58081,1.73945,0.63503,0.323059,3.99004,0.672092,0.41366,0.288489,0.131833,2.16353,0.539433,0.278114,0.23015,0.192649,7.2189,1.9439,0.485264,0.613434,0.492667,4.92436,1.20691,0.746459,0.42199,0.258762,29.5158,3.37828,3.37157,0.94345,0.450018,1.19133,0.173417,0.611887,0.22035,0.19755,1.81709,0.865592,1.00458,0.328312,0.192053,63.2353,2.89715,1.68452,0.467126,0.292452,391.539,58.0789,6.2343,3.12054,0.670631,0,490,,,,,,
148.138,19.219,3.32235,1.20122,0.534932,131.177,15.7821,2.33533,0.856349,0.263729,1.10101,0.17618,0.200204,0.153418,0.0727947,1.66924,0.465536,0.425562,0.444052,0.220885,8.82791,0.980308,0.330457,0.217276,0.133574,1.61188,0.383281,0.249943,0.279436,0.103358,0.728354,0.1997,0.202983,0.23016,0.171865,3.13449,1.00998,0.464252,0.790906,0.485765,2.30591,0.480764,0.57246,0.68331,0.316983,6.34851,0.875761,2.09523,1.1553,0.313719,1.24509,0.0840372,0.458569,0.315022,0.113785,2.47802,0.470154,0.5037,0.390581,0.112352,9.34336,0.516659,0.770043,0.704212,0.226549,119.255,16.2428,2.38132,1.26366,0.229802,0,495,,,,,,
11.1515,1.53236,0.741993,0.833333,0.344902,11.7502,2.88048,1.61741,0.972025,0.473404,0.353597,0.130289,0.205715,0.130994,0.0604809,0.601512,0.538208,0.360093,0.284137,0.21815,0.205777,0.241437,0.213863,0.184948,0.114483,0.968456,0.555033,0.353758,0.236229,0.0944568,0.408618,0.240153,0.30133,0.277245,0.100985,1.79937,0.978238,0.534204,1.03002,0.437153,1.03483,0.584461,0.624408,0.76783,0.264727,1.14176,0.674205,0.762413,0.799126,0.26724,0.51337,0.169267,0.299163,0.208829,0.0771287,1.07304,0.434909,0.258193,0.304293,0.0883854,1.4003,0.465957,0.447441,0.457096,0.193404,10.3264,1.40874,0.743434,0.589447,0.215007,1,500,,,,,,
1.66492,0.944101,0.663307,0.658529,0.316125,0.992209,0.477789,0.337459,0.404022,0.23907,0.183813,0.136993,0.197615,0.131125,0.0583056,0.421897,0.425126,0.365377,0.310641,0.231251,0.328767,0.277744,0.150483,0.10526,0.0847047,0.887224,0.754305,0.578675,0.34443,0.135587,0.540102,0.384023,0.337509,0.36644,0.159824,1.94642,0.737291,0.697242,1.15679,0.423263,1.26126,0.570973,0.729478,0.82394,0.289074,1.04069,0.566145,0.568299,0.498005,0.27573,0.244282,0.195685,0.166055,0.203682,0.102979,0.583608,0.412076,0.282651,0.218423,0.0879345,0.950065,0.58774,0.315825,0.403392,0.207011,1.36008,1.03099,0.806667,0.488544,0.22296,0,505,,,,,,
71.3344,8.28473,3.01966,1.0612,0.655882,121.16,8.66748,0.729364,0.385329,0.278802,1.3705,0.26952,0.253167,0.103148,0.0678184,2.62179,0.43551,0.314587,0.288393,0.246109,11.0534,0.735504,0.402908,0.220432,0.105313,0.709746,0.464269,0.623184,0.317299,0.150271,0.738295,0.2651,0.365021,0.337492,0.202398,2.17797,0.551011,1.0017,1.22164,0.506091,1.32318,0.49581,0.654017,0.883376,0.380564,13.3384,1.0093,0.717225,0.48838,0.303036,0.247462,0.232179,0.173554,0.28656,0.154094,1.14815,0.483773,0.200113,0.166389,0.104162,40.3353,2.4124,0.553463,0.453221,0.266656,65.8394,9.82114,3.53532,0.683326,0.323835,0,510,,,,,,
525.252,78.9548,25.1684,4.65274,2.36685,579.135,42.013,1.78764,0.704675,0.649395,7.59573,0.641973,0.549478,0.150488,0.101848,13.0434,0.282557,0.440292,0.310396,0.390788,65.2659,2.64646,1.79338,0.75075,0.238599,3.47966,0.237531,0.406945,0.180104,0.123811,2.65904,0.16607,0.458732,0.324859,0.168725,7.88123,1.48176,2.08438,1.28952,0.68233,4.603,0.770606,1.06896,0.808674,0.375372,74.5929,2.13857,1.48346,0.69229,0.348552,0.498304,0.342993,0.242138,0.356617,0.191846,4.44452,0.689724,0.234454,0.219972,0.106512,195.16,7.93643,1.12508,0.680994,0.344688,321.27,44.7589,17.6708,1.66755,0.715537,0,515,,,,,,
324.322,59.5449,17.5432,3.12431,1.36346,235.297,18.9768,0.78257,0.552775,0.401619,4.03707,0.358968,0.377304,0.123457,0.0800966,6.86592,0.158309,0.371417,0.323418,0.296322,32.121,1.07903,1.01882,0.56018,0.211768,2.59606,0.273142,0.257568,0.239054,0.113046,1.6032,0.223708,0.309498,0.310336,0.12168,5.17805,1.44484,1.53218,1.34233,0.493513,3.31739,0.913592,1.26114,1.04178,0.254735,37.2637,1.30719,0.983982,0.71853,0.295146,0.393152,0.282145,0.198409,0.413338,0.206379,2.35701,0.534485,0.327866,0.388143,0.107634,82.1468,3.07337,0.628212,0.524525,0.287949,155.602,24.1881,8.84304,1.22011,0.415288,0,520,,,,,,
12.0751,2.99593,1.16783,0.712567,0.189439,5.01228,0.733497,0.326624,0.294334,0.151985,0.21811,0.14177,0.251519,0.122806,0.0660208,0.546195,0.234722,0.307895,0.377568,0.14117,0.901211,0.12035,0.306238,0.213666,0.117765,0.580138,0.2906,0.713235,0.404522,0.127178,0.220632,0.350572,0.379929,0.273113,0.117422,0.936456,1.00315,1.52487,1.13571,0.340529,0.973676,1.20612,2.20666,1.0437,0.152663,2.49445,1.17374,0.586293,0.536885,0.177104,0.284365,0.174443,0.128491,0.326046,0.12615,0.433938,0.406597,0.29461,0.56531,0.135914,2.83177,0.415275,0.257989,0.460568,0.19846,6.68286,1.49767,0.835325,1.00368,0.203939,1,525,,,,,,
0.953764,0.416515,1.1097,0.790452,0.200119,0.521536,0.175913,0.419571,0.238501,0.214842,0.0916375,0.127898,0.240548,0.162747,0.063098,0.427768,0.177429,0.280481,0.418928,0.098371,0.205115,0.0973765,0.187925,0.187081,0.0905525,0.439188,0.198753,0.442407,0.397464,0.169621,0.220471,0.149373,0.254814,0.265951,0.173306,1.01168,0.636501,1.44663,0.725799,0.400583,0.932371,0.917987,2.24409,0.755123,0.230005,1.00352,0.883133,0.940049,0.503588,0.1815,0.165409,0.119033,0.293508,0.312505,0.147316,0.303473,0.26821,0.65027,0.684881,0.139554,1.00554,0.376816,0.588626,0.490577,0.189778,1.05068,0.439894,0.950824,0.953371,0.190977,0,530,,,,,,
92.6263,44.7291,5.92615,6.20281,1.2276,249.938,33.1276,6.41661,0.838516,0.207135,3.57856,0.294696,0.251213,0.135948,0.0920149,5.40123,0.460639,0.357664,0.202385,0.21311,6.36304,0.938258,0.127683,0.455504,0.196329,1.46363,0.751671,0.498136,0.2561,0.100155,1.0317,0.467957,0.269827,0.239202,0.123361,2.60702,1.44861,1.83195,0.638851,0.394277,1.91509,1.71274,2.68451,0.549456,0.240995,13.8806,1.64281,1.54678,0.537947,0.182146,0.301262,0.34458,0.45258,0.189401,0.138514,2.01126,0.279104,0.585941,0.391856,0.163405,69.9154,4.15572,0.874129,0.513585,0.303069,129.216,29.6796,2.59805,1.82637,0.76983,0,535,,,,,,
146.102,70.0973,10.7783,8.72983,1.65629,287.012,33.4094,7.00977,0.86634,0.245149,4.49778,0.354271,0.257313,0.143388,0.0906542,6.20734,0.454144,0.516221,0.179594,0.26837,8.34555,0.971847,0.0814372,0.566645,0.228175,1.72042,0.724731,0.303793,0.323555,0.130955,1.3168,0.539347,0.304801,0.226019,0.113713,3.27801,2.21711,1.53841,0.397724,0.332135,2.31113,2.50471,1.85139,0.341011,0.259277,16.6229,2.07407,1.86712,0.491796,0.207454,0.355109,0.271723,0.361148,0.255256,0.181662,2.26173,0.473971,0.447876,0.233782,0.138009,76.6044,3.37081,0.478517,0.426501,0.405329,129.048,33.5827,3.11361,1.56536,0.743968,0,540,,,,,,
21.6993,8.79256,1.67024,1.59456,0.427717,22.0661,2.26851,0.735202,0.321366,0.206739,0.458515,0.0916132,0.335864,0.183101,0.068573,0.831879,0.325015,0.313827,0.203342,0.259744,0.97494,0.354644,0.0777572,0.249215,0.166369,0.94884,0.442618,0.206707,0.465794,0.129106,0.716505,0.249661,0.21756,0.280241,0.129488,1.46707,1.24451,2.00626,0.778885,0.374682,1.17719,1.35408,3.19842,0.657983,0.280805,2.3582,0.745335,2.22594,0.421213,0.169876,0.134026,0.156397,0.301387,0.170439,0.165995,0.470953,0.259403,0.332475,0.169216,0.124202,5.73445,0.417305,0.453554,0.250558,0.321788,9.44271,2.82404,0.789177,0.555925,0.271056,0,545,,,,,,
1.30908,0.676025,0.239494,0.721576,0.200819,0.812892,0.263789,0.180846,0.22277,0.218633,0.131535,0.0717724,0.246868,0.181903,0.0760507,0.558943,0.312905,0.315804,0.222985,0.227047,0.481662,0.283505,0.0747154,0.138365,0.194553,1.00569,0.568223,0.229414,0.399177,0.131399,0.677928,0.432927,0.222033,0.30362,0.203817,0.909271,1.03413,1.86719,0.995799,0.587259,0.526533,1.44206,3.25134,1.03525,0.35464,1.06354,1.57706,3.08284,0.558751,0.237483,0.237805,0.343041,0.56274,0.119118,0.153529,0.559935,0.265443,0.245291,0.204654,0.126565,0.837992,0.614321,1.16148,0.277299,0.200283,0.906466,0.760382,0.534715,0.450429,0.184463,1,550,,,,,,
5.11748,1.41177,0.481444,0.913271,0.309368,7.29679,0.852219,0.218162,0.269154,0.324903,0.212505,0.152178,0.169601,0.218832,0.0861827,0.696582,0.263944,0.2574,0.200703,0.204532,0.462449,0.305027,0.166578,0.13072,0.18806,0.38331,0.389463,0.180691,0.478515,0.145948,0.287503,0.407283,0.242962,0.302857,0.177188,0.515565,1.03945,1.06072,0.749827,0.605056,0.349631,2.76229,1.97791,0.957586,0.346277,1.29497,10.9685,3.45308,0.835521,0.316497,0.244882,1.08454,0.491871,0.184354,0.160785,0.556906,0.394843,0.614456,0.470331,0.135632,2.82996,2.25713,1.10211,0.332872,0.205004,8.59338,3.34801,1.40663,0.608692,0.219097,0,555,,,,,,
136.616,24.0691,6.13144,2.20139,0.683583,173.269,12.5787,3.75811,1.06003,0.276679,0.720257,1.00283,0.421188,0.226515,0.0852028,6.35801,0.291996,0.351857,0.296764,0.173166,5.30726,0.719356,0.418559,0.354886,0.226334,1.45866,0.250948,0.217729,0.373615,0.0995421,0.563779,0.1647,0.201932,0.252054,0.140592,1.55944,1.28801,1.49579,0.618459,0.53133,1.31073,3.06509,2.07708,0.681728,0.246155,12.2391,12.1492,4.41495,0.730085,0.239593,0.308525,1.27176,0.501307,0.259152,0.147578,1.04501,0.516372,0.736091,0.464607,0.10843,51.4046,3.42888,1.24708,0.46647,0.204746,146.215,26.8282,2.76166,1.18267,0.462443,0,560,,,,,,
254.49,59.3558,14.5338,3.5577,0.818011,269.387,15.1171,5.50158,1.18768,0.210889,1.38941,1.16251,0.448867,0.109863,0.0685547,10.5182,0.286061,0.251235,0.421857,0.207721,10.0308,0.997323,0.452212,0.519331,0.314528,2.77772,0.177521,0.169661,0.16284,0.105287,1.07839,0.153876,0.107711,0.142377,0.145328,3.24299,0.838405,1.01429,0.529066,0.527693,2.92885,0.83201,0.636048,0.414762,0.30378,21.9561,1.84169,1.78672,0.410707,0.274777,0.483602,0.686381,0.208074,0.212024,0.132672,1.81426,0.437869,0.257854,0.194334,0.107835,75.1453,1.93929,0.496792,0.417633,0.183948,180.142,41.1075,2.00917,0.731732,0.43312,0,565,,,,,,
58.9294,15.1445,3.45707,1.30728,0.256744,33.2869,1.40894,0.780979,0.374692,0.112585,0.417498,0.185957,0.241702,0.0524065,0.0507857,2.50507,0.253705,0.126958,0.293966,0.168875,1.92579,0.253854,0.211251,0.205278,0.143839,1.19411,0.157706,0.187344,0.222932,0.0993477,0.44811,0.225318,0.283442,0.13575,0.129922,2.06391,1.26615,1.40161,0.512641,0.375874,2.14578,1.22121,1.3424,0.395852,0.262788,4.81732,1.62649,3.25125,0.536121,0.229413,0.337014,0.481901,0.733897,0.187112,0.0816148,0.84859,0.452704,0.581729,0.272922,0.101148,9.28914,0.581955,0.932575,0.420888,0.138086,28.7569,7.56016,1.74933,0.618561,0.14626,0,570,,,,,,
12.1802,2.41362,1.35368,0.658889,0.190901,1.5077,0.31171,0.328297,0.296235,0.104567,0.200862,0.176904,0.325453,0.0424064,0.0923095,0.854653,0.210927,0.368065,0.219541,0.155317,0.207543,0.10261,0.395793,0.192766,0.150418,0.413736,0.317034,0.292619,0.17607,0.110577,0.155736,0.300635,0.24835,0.209772,0.141453,0.630323,1.63192,2.48176,1.19212,0.388603,0.926328,1.7518,2.06311,0.670979,0.24932,1.28619,1.97686,4.20856,0.543698,0.178462,0.240111,0.622433,1.09861,0.177641,0.0863745,0.52407,0.506575,0.992118,0.213514,0.109713,1.18843,0.909877,1.61943,0.325389,0.14337,8.79882,2.12361,2.2394,0.455938,0.127079,1,575,,,,,,
1.97813,0.942434,1.80261,0.386039,0.181408,0.406048,0.436083,0.572637,0.167716,0.136943,0.159959,0.158745,0.386452,0.0542746,0.0826229,0.546305,0.263692,0.511162,0.200822,0.183229,0.178751,0.224513,0.364089,0.24367,0.12799,0.484581,0.536235,0.699768,0.204479,0.105225,0.287266,0.25675,0.4737,0.269012,0.12607,0.74848,1.15502,5.35641,2.28605,0.459698,0.666499,1.20997,5.13524,1.68422,0.262586,0.9671,1.25923,4.28518,0.889248,0.19467,0.281362,0.438678,0.816738,0.152823,0.0935723,0.570012,0.442003,1.05759,0.183063,0.120588,0.588886,1.47603,1.26829,0.255073,0.168872,1.54183,1.90834,2.28596,0.275628,0.169808,0,580,,,,,,
27.4031,10.802,2.34041,1.06803,0.343534,57.6427,8.73109,2.52237,0.329405,0.214102,0.518729,0.378983,0.517617,0.102083,0.0891459,1.50998,0.42555,0.549124,0.254082,0.201628,1.62654,0.441235,0.367744,0.388234,0.13489,1.1953,1.08827,1.18147,0.288041,0.115105,0.704095,0.53364,1.15576,0.22794,0.109648,1.27346,1.76035,3.63461,1.18364,0.383864,1.11178,2.27125,4.18066,1.20745,0.207425,3.81878,1.61827,3.21235,0.802114,0.20233,0.411192,0.308984,0.438501,0.21125,0.133008,1.08774,0.423678,0.646108,0.329399,0.122546,24.3609,2.02275,0.782105,0.367365,0.214843,51.0051,11.3531,1.49669,0.658243,0.299177,0,585,,,,,,
185.915,88.5217,14.6723,7.82273,1.37444,396.754,50.4487,10.1907,1.39291,0.565594,2.85295,1.77312,0.955134,0.171249,0.0882915,8.37064,0.414977,0.296988,0.295938,0.334338,12.2175,0.479089,0.597151,1.122,0.331223,3.13886,0.513059,1.41582,0.309705,0.142903,1.4419,0.39957,1.08562,0.195678,0.142431,3.12721,1.86576,1.90591,0.475542,0.40505,2.58499,1.85701,1.93826,0.536226,0.252957,21.659,1.50389,1.31757,0.544761,0.302003,0.706182,0.521045,0.319426,0.201858,0.150181,2.62685,0.288101,0.586608,0.393995,0.11146,149.204,7.41251,1.64512,0.453156,0.296855,249.216,67.1628,1.58174,1.61377,0.839475,0,590,,,,,,
24.786,5.64387,3.08666,0.804399,0.362703,5.48168,1.08223,0.711667,0.172408,0.24834,0.248669,0.291616,0.372417,0.0801077,0.0556204,0.290815,0.326818,0.561468,0.181433,0.14763,0.644766,0.290144,0.26901,0.248223,0.102916,0.284833,0.312634,0.327812,0.249197,0.108802,0.144077,0.533173,0.433577,0.31719,0.115682,0.639715,1.37985,1.33965,1.23417,0.255479,0.656329,0.782038,1.54745,0.777326,0.215148,1.16044,0.547082,1.4667,0.382555,0.364995,0.130024,0.27456,0.572667,0.158233,0.124293,0.4416,0.567337,0.458599,0.222204,0.114717,1.76702,0.617679,1.04118,0.395418,0.259825,14.5955,4.30555,1.71199,0.428641,0.222994,0,595,,,,,,
2.03792,1.04503,1.39819,0.42389,0.33969,0.686441,0.67519,0.793793,0.239372,0.231754,0.231084,0.183165,0.295306,0.0838501,0.0634609,0.333487,0.305536,0.714296,0.200773,0.152918,0.192664,0.117137,0.22039,0.111377,0.139345,0.511977,0.160113,0.391636,0.209683,0.0943008,0.247172,0.380021,0.553264,0.218321,0.117652,0.498834,1.2451,1.92894,0.955852,0.355867,0.494464,0.686135,2.35794,0.851432,0.264877,0.613567,0.520948,3.82075,0.73002,0.34048,0.158216,0.32655,1.10321,0.206552,0.128975,0.319987,0.542764,0.729614,0.240183,0.12644,0.256822,0.682615,1.59016,0.435905,0.166885,1.45413,1.6822,1.70969,0.48411,0.196855,1,600,,,,,,
3.72012,1.71043,0.870581,0.602673,0.237673,2.83061,0.729816,0.416402,0.321684,0.190646,0.136046,0.140434,0.237188,0.108182,0.0750245,0.361712,0.231555,0.348409,0.206308,0.161544,0.258294,0.118367,0.176037,0.0953262,0.139115,0.526785,0.196464,0.341291,0.2077,0.0981057,0.398649,0.18585,0.319298,0.134726,0.137808,0.841113,0.769158,2.01344,0.778178,0.39222,0.853665,0.816804,2.93277,0.75499,0.272664,0.913265,1.16006,3.27682,0.485716,0.28917,0.125838,0.210119,0.530961,0.201932,0.147823,0.171651,0.330348,0.606346,0.346338,0.106789,1.62932,0.768111,0.898551,0.438618,0.203695,9.40575,1.84762,1.20207,0.591803,0.173661,0,605,,,,,,
91.4736,32.9977,7.16854,1.16763,0.291316,81.8809,10.485,1.2758,0.438391,0.320041,1.40432,0.228888,0.275241,0.150009,0.0625489,2.6722,0.251571,0.244316,0.216671,0.257401,3.49524,0.714415,0.270794,0.152456,0.116128,0.247332,0.429802,0.338694,0.184909,0.0894204,0.370644,0.203938,0.169828,0.156061,0.10118,1.04227,2.36073,2.92429,0.594681,0.380318,1.09083,2.52653,4.39964,0.523418,0.187204,4.10537,2.53452,2.85727,0.376369,0.212823,0.178145,0.362584,0.41721,0.280557,0.136355,0.771335,0.412149,0.467611,0.483471,0.107748,47.4403,5.1,0.990442,0.528636,0.198146,266.044,25.7045,2.68278,1.04231,0.366457,0,610,,,,,,
208.08,61.2266,14.8057,1.05302,0.347675,145.613,16.5373,1.97464,0.415056,0.443494,2.8976,0.406959,0.089685,0.0937324,0.0551612,4.96172,0.278746,0.222588,0.307162,0.29957,6.9681,0.976099,0.368096,0.193794,0.117831,0.40294,0.669525,0.353819,0.187049,0.0803664,0.287955,0.346033,0.101783,0.11231,0.107325,0.83225,2.11358,1.1795,0.474966,0.445467,0.919628,1.54889,1.53469,0.272642,0.252469,6.86341,1.50043,1.24462,0.230201,0.174205,0.309277,0.296408,0.304883,0.206336,0.108866,2.00389,0.397612,0.318531,0.273193,0.106487,80.2981,6.03577,1.26834,0.273279,0.191616,480.748,38.6367,3.7488,0.947674,0.39286,0,615,0,,,,,
80.2707,12.6306,3.9741,0.487731,0.27175,21.5395,2.55185,0.76021,0.199554,0.195722,0.657863,0.27319,0.0640436,0.0941843,0.062907,1.14245,0.359421,0.35551,0.247808,0.169729,1.45789,0.267993,0.161891,0.114322,0.101774,0.573463,0.694925,0.506496,0.205862,0.0924678,0.386479,0.421258,0.379822,0.137395,0.13978,1.35225,1.29796,1.34073,0.564495,0.443135,1.52452,0.931498,1.66218,0.304133,0.290869,2.27298,1.35428,2.93219,0.4799,0.253218,0.249264,0.303071,0.55412,0.241535,0.151443,1.14998,0.636243,0.64045,0.29261,0.09717,11.1921,1.28769,0.998566,0.289451,0.204409,99.9253,8.81278,1.98303,0.629158,0.181775,0,620,0,,,,,
5.18342,1.01991,1.47293,0.634154,0.276439,0.944952,0.288966,0.541785,0.179716,0.144282,0.210173,0.0943999,0.165523,0.0860495,0.0610919,0.802794,0.235203,0.306324,0.299795,0.207213,0.357144,0.171351,0.217968,0.182027,0.108473,1.06981,0.969115,0.528183,0.129119,0.107795,0.598605,1.00463,0.550641,0.230271,0.155915,2.15254,3.30657,1.43186,0.884504,0.420215,2.19891,2.12094,1.88227,0.428407,0.262327,2.56585,2.21294,2.71531,0.459875,0.273889,0.626109,0.647174,0.417624,0.235064,0.1461,0.916571,0.877171,0.687346,0.406109,0.0848134,1.63933,1.75423,1.36645,0.307541,0.173031,5.09234,2.53276,1.8284,0.566144,0.177399,1,625,0,,,RESULTADOS SVM,,
2.26507,0.930542,0.691502,0.410265,0.245921,0.873386,0.351924,0.289851,0.17951,0.157531,0.265673,0.129852,0.169144,0.0649967,0.0663316,0.70193,0.218723,0.330333,0.151603,0.183559,0.308488,0.134633,0.300596,0.287554,0.108443,0.668437,0.635364,0.472577,0.155803,0.110913,0.453883,0.714238,0.575237,0.235604,0.117251,1.62888,2.37857,1.1233,1.14685,0.322847,1.55146,1.53271,1.64717,0.589127,0.203733,2.12065,1.13176,0.993722,0.361423,0.209092,0.440455,0.378891,0.180234,0.177724,0.102186,0.792953,0.628773,0.385404,0.306294,0.0810846,1.1899,0.991942,0.409667,0.216719,0.135782,3.08686,1.91752,0.75504,0.38183,0.191098,0,630,0,,,,,
42.998,6.2952,1.63166,0.461122,0.268082,3.58114,1.05436,0.318051,0.286491,0.148163,0.580693,0.330798,0.173977,0.0813358,0.0764806,0.482268,0.474783,0.352831,0.124331,0.184919,0.349396,0.238187,0.291524,0.21652,0.121139,0.316385,0.442356,0.449784,0.184635,0.0798764,0.271805,0.51075,0.379495,0.187441,0.0811086,0.619952,1.54446,1.47215,0.681717,0.286557,0.587984,1.0184,1.86505,0.462383,0.178548,0.758423,0.601333,1.01899,0.480953,0.233865,0.37116,0.475833,0.156941,0.154789,0.0813202,1.06895,0.791966,0.413605,0.308505,0.0751796,11.0262,3.64859,0.700643,0.381746,0.161311,61.734,8.71383,1.19615,0.4992,0.16485,0,635,0,,,Label:,'',
140.566,14.8337,4.5711,1.02398,0.233363,11.698,1.91035,0.607679,0.490932,0.125014,1.704,0.446467,0.190693,0.12356,0.0579698,1.54276,0.7686,0.239226,0.24747,0.17822,0.931248,0.513875,0.495974,0.206078,0.126126,0.355352,0.412818,0.447515,0.156915,0.0755219,0.231677,0.314364,0.260001,0.176119,0.112955,0.771526,1.03268,1.54632,0.610858,0.527875,0.860841,0.86339,1.36547,0.497371,0.345133,1.26128,0.477182,0.88298,0.552938,0.268421,0.691312,0.677143,0.17149,0.230234,0.134551,3.4964,0.854545,0.167388,0.269125,0.0975059,36.2985,8.32058,1.45558,0.539696,0.228857,207.539,18.8202,2.09785,0.523963,0.209849,0,640,0,,,Description:,'',
42.2202,3.66273,1.75904,0.628282,0.2511,4.64508,0.767336,0.182548,0.334928,0.16746,0.66871,0.219547,0.183982,0.107446,0.0716102,0.963986,0.38427,0.18404,0.272362,0.192293,0.614275,0.237066,0.237161,0.213615,0.135286,0.245604,0.216755,0.191343,0.245741,0.093722,0.183393,0.297233,0.156288,0.201265,0.13061,0.949529,1.16226,0.511504,0.815965,0.454653,0.600215,0.964178,0.444787,0.65114,0.280357,0.721463,0.805682,0.412634,0.356213,0.231571,0.31321,0.521403,0.218445,0.181347,0.136034,1.51681,0.667053,0.16807,0.258732,0.112018,11.3602,2.42586,0.642926,0.399728,0.257342,63.2894,4.58552,0.933414,0.50137,0.246522,0,645,0,,,ClassLabels:,[2x1,double]
1.19456,0.523974,0.504554,0.495854,0.303454,0.585956,0.342749,0.119495,0.303458,0.247737,0.0746671,0.116078,0.13071,0.0847245,0.0813717,0.227297,0.253185,0.197145,0.195373,0.180072,0.231442,0.105328,0.0867489,0.251395,0.14275,0.224339,0.246833,0.141781,0.314318,0.114124,0.103354,0.229301,0.115071,0.274737,0.139375,0.535013,0.67881,1.82378,1.84556,0.405784,0.326854,0.76819,1.95366,1.81903,0.283719,0.388056,0.851152,1.32422,0.879698,0.273985,0.195494,0.240462,0.347556,0.276076,0.162964,0.36775,0.279722,0.215039,0.452023,0.117755,0.644105,0.502379,0.481309,0.395848,0.246313,1.75553,0.807368,0.585756,0.711093,0.265262,1,650,1,,,GroundTruth:,[48x1,double]
9.15038,1.47716,0.889279,0.611252,0.20723,2.13563,0.540161,0.41868,0.241971,0.218011,0.14994,0.0734938,0.283021,0.11702,0.0638172,0.750967,0.315629,0.4085,0.278143,0.100839,0.452136,0.155804,0.138928,0.297065,0.110625,0.270755,0.287728,0.4412,0.258127,0.145388,0.143205,0.197355,0.309699,0.255062,0.132394,0.289878,0.58493,1.77636,1.05907,0.370355,0.517319,0.826428,2.39738,1.03139,0.236795,0.583378,1.00518,2.2267,0.843956,0.172465,0.303323,0.199154,0.354138,0.244842,0.122797,0.322485,0.245876,0.346922,0.346287,0.130095,3.3179,0.606376,1.0229,0.407062,0.237957,22.7538,3.14181,1.39489,0.681817,0.226696,0,655,0,,,NumberOfObservations:,48,
118.844,17.0665,4.84292,0.7531,0.641836,24.5075,5.18786,1.33717,0.852016,0.210573,1.13237,0.288083,0.247546,0.123162,0.0594538,1.63002,0.627206,0.45844,0.400457,0.124764,2.74414,0.950982,0.166578,0.360908,0.186122,0.391916,0.274984,0.380807,0.449673,0.125026,0.151543,0.19329,0.241001,0.274866,0.108234,0.502065,0.553799,1.21327,1.06018,0.395267,0.748438,0.644972,0.515244,0.82149,0.311029,2.31587,1.00261,0.7689,0.590582,0.210529,0.396993,0.462812,0.886921,0.265587,0.0915436,1.60645,0.639552,0.498463,0.280186,0.132822,44.9686,4.74003,4.43047,0.55599,0.211592,340.585,34.6287,6.23944,1.00221,0.305689,0,660,0,,,ControlClasses:,2,
110.395,14.7685,4.50409,0.642652,0.667331,23.0424,4.35262,0.883574,0.742228,0.244425,1.33536,0.228943,0.0973022,0.0839421,0.0667578,1.52317,0.48966,0.403042,0.354713,0.144067,2.81198,0.811482,0.149909,0.265913,0.196194,0.411856,0.260392,0.233811,0.349983,0.121278,0.118978,0.141201,0.128755,0.34181,0.0925951,0.53998,0.643312,0.828185,1.1539,0.417335,0.778731,0.789669,0.300751,0.66066,0.278314,2.37701,2.06584,1.64699,0.578897,0.318143,0.374284,0.759325,1.01873,0.249517,0.148913,2.04638,0.501933,0.375178,0.322535,0.120463,42.8307,4.31161,3.28944,0.602265,0.304385,325.526,27.3967,5.13898,0.825832,0.324409,0,665,0,,,TargetClasses:,1,
7.57747,1.18782,0.670051,0.403197,0.217909,1.90471,0.465431,0.231251,0.18376,0.166812,0.319315,0.0722048,0.0753844,0.0515603,0.0581013,0.778209,0.305483,0.22942,0.175653,0.157801,0.290707,0.199324,0.0785309,0.124037,0.141323,0.455287,0.156436,0.137089,0.119009,0.109437,0.192401,0.180295,0.106746,0.184341,0.0888544,0.451937,0.813024,0.357966,0.868116,0.42573,0.444108,1.08708,0.294592,0.494324,0.27875,0.637887,1.73976,1.05042,0.485761,0.291866,0.247222,0.621494,0.439929,0.140121,0.135399,0.674357,0.779145,0.312125,0.248446,0.125178,2.95518,1.20278,0.689003,0.246308,0.297976,19.7936,2.09525,0.879237,0.303546,0.199195,0,670,1,,,ValidationCounter:,1,
1.15126,0.782787,0.908549,0.371882,0.157013,0.493108,0.443841,0.465159,0.214049,0.170291,0.187875,0.123953,0.119825,0.0645466,0.046607,0.689882,0.365836,0.275769,0.259868,0.163709,0.166337,0.165938,0.19543,0.155035,0.14144,0.621033,0.287933,0.258543,0.164267,0.102763,0.34289,0.249627,0.243245,0.209301,0.113385,0.556041,1.56452,0.33231,0.88568,0.426627,0.447486,1.42766,0.590417,0.606172,0.319996,0.653601,1.15183,0.803641,0.866621,0.175227,0.164071,0.352347,0.220377,0.223665,0.121039,0.44571,0.861715,0.495137,0.349232,0.112986,0.587464,0.628915,0.679708,0.38364,0.217998,0.836759,1.20834,1.14615,0.480578,0.143884,1,675,1,,,SampleDistribution:,[48x1,double]
3.41342,1.47252,0.620606,0.518012,0.177205,1.05478,1.05663,0.368545,0.260382,0.218634,0.265862,0.269427,0.0897399,0.0975953,0.0393931,0.619582,0.868344,0.280686,0.447975,0.173258,0.259959,0.25829,0.195133,0.153008,0.148215,0.533934,0.624737,0.321214,0.236949,0.133295,0.402725,0.441846,0.370303,0.290694,0.156582,1.07294,2.24972,0.552346,0.886791,0.375346,0.842005,1.57257,0.615195,0.711138,0.298631,0.956914,1.20491,0.519365,0.927186,0.147295,0.23316,0.303108,0.195687,0.344665,0.122095,0.61389,0.773203,0.373744,0.456395,0.101751,1.0834,0.767159,0.451485,0.550731,0.186584,5.3979,2.27333,0.685417,0.796035,0.15838,0,680,0,,,ErrorDistribution:,[48x1,double]
78.0464,13.0496,2.1929,0.94749,0.350434,27.8898,3.23873,0.391211,0.507315,0.193466,0.721446,0.241127,0.245377,0.189884,0.063417,0.993562,0.818533,0.217192,0.473133,0.199226,2.00217,0.503236,0.175072,0.230749,0.167288,0.511312,0.365662,0.328148,0.268691,0.121617,0.275018,0.421744,0.399854,0.386208,0.152431,1.0605,2.89179,0.793233,0.994252,0.419549,0.986627,1.86922,0.712484,0.855892,0.270989,2.29085,1.46649,0.419868,0.967355,0.175411,0.421797,0.284474,0.287636,0.447691,0.136707,1.26321,0.579376,0.509558,0.35924,0.146537,20.827,2.8272,0.628025,0.763625,0.199093,213.481,16.4719,2.92742,1.33542,0.339271,0,685,0,,,SampleDistributionByClass:,[2x1,double]
208.93,36.1501,8.09746,1.59596,0.51149,75.608,6.5143,0.822017,0.601688,0.257784,1.67567,0.332364,0.518101,0.187489,0.0797605,2.25209,0.736456,0.151808,0.443141,0.19709,5.65806,1.2756,0.198251,0.362968,0.198711,1.13639,0.463151,0.251549,0.193487,0.156681,0.45374,0.49214,0.417089,0.268584,0.145825,0.980079,2.54962,1.02321,0.813091,0.445589,0.904446,1.72723,0.956645,0.606774,0.269089,4.56962,1.37292,0.596319,0.472142,0.296737,0.590427,0.533237,0.390699,0.262275,0.125986,3.46176,0.764042,0.621646,0.236406,0.146709,51.5755,5.19457,1.25328,0.65719,0.299783,543.893,34.831,7.93866,1.64272,0.389902,0,690,0,,,ErrorDistributionByClass:,[2x1,double]
59.1742,9.52124,3.15784,0.645218,0.226733,18.7261,1.59839,0.366334,0.187642,0.226858,0.465668,0.254086,0.219257,0.105628,0.0563585,0.844434,0.44209,0.156629,0.214879,0.14819,1.67963,0.566104,0.179509,0.244467,0.151201,1.36963,0.525744,0.325137,0.193609,0.131176,0.726964,0.480647,0.373521,0.256248,0.12846,1.19974,1.57606,2.01371,0.817814,0.422663,1.12331,1.13481,1.82145,0.603059,0.250005,2.54868,1.09838,1.36936,0.25502,0.249317,0.63953,0.612905,0.513267,0.151158,0.132763,1.76077,0.771473,0.664101,0.133746,0.14426,12.139,1.42156,0.838535,0.238972,0.24193,125.784,7.4704,3.112,0.463756,0.215751,0,695,0,,,CountingMatrix:,[3x2,double]
3.55267,1.39876,0.841576,0.43843,0.228715,1.01028,0.383796,0.257713,0.148697,0.202271,0.0687258,0.0896133,0.140983,0.0965859,0.0432942,0.366673,0.296854,0.316212,0.199956,0.15478,0.103634,0.143007,0.0888722,0.170497,0.143995,0.883223,0.485392,0.762926,0.339769,0.130515,0.47857,0.508649,0.560892,0.352626,0.131751,1.36655,0.902706,2.63535,1.29224,0.457178,1.74521,0.834654,2.97298,1.26142,0.240287,2.31675,0.996302,1.23439,0.284829,0.213684,0.558438,0.274618,0.376989,0.13356,0.14132,0.773333,0.320135,0.501031,0.198287,0.114254,1.1995,0.485261,0.531595,0.12135,0.229976,3.6813,1.45239,1.22937,0.359399,0.217022,1,700,0,,,CorrectRate:,0.7917,
0.760754,1.02235,0.554124,0.374408,0.195409,0.278912,0.490544,0.229463,0.276256,0.244614,0.108157,0.103702,0.160942,0.0900913,0.0511801,0.26199,0.450923,0.391203,0.232594,0.163469,0.0406757,0.206031,0.147203,0.206113,0.18358,0.421397,0.173427,0.470199,0.398272,0.109228,0.315368,0.202198,0.347751,0.296988,0.136934,0.708934,0.361105,1.66044,1.32716,0.385402,1.23855,0.504989,2.32307,1.18662,0.295451,1.71573,0.826904,1.26535,0.364907,0.188105,0.280859,0.336904,0.177477,0.162929,0.109972,0.784181,0.359054,0.241404,0.167974,0.0968525,0.799025,0.50915,0.547721,0.197275,0.193676,1.08559,0.950862,0.49091,0.405293,0.141896,0,705,0,,,ErrorRate:,0.2083,
22.5598,12.2727,1.309,0.728062,0.273972,27.0206,3.61954,0.797187,0.349514,0.207988,0.379697,0.102101,0.198045,0.116971,0.0455776,0.749847,0.291835,0.155385,0.230961,0.173562,0.364564,0.305854,0.214536,0.159069,0.128531,0.459873,0.1568,0.180736,0.336136,0.0894438,0.272188,0.0890462,0.276154,0.231611,0.139722,0.741393,0.441091,1.26882,0.830615,0.423567,0.841632,0.597702,1.82708,0.584003,0.304213,2.41993,0.6685,1.20671,0.328306,0.159897,0.268986,0.267606,0.179675,0.105058,0.103394,1.10403,0.314002,0.289328,0.158767,0.106439,9.1814,1.04076,0.473015,0.191782,0.177533,55.5292,5.96885,0.754418,0.568679,0.152168,0,710,1,,,LastCorrectRate:,0.7917,
167.286,133.909,20.9397,5.80388,0.933122,189.14,18.0216,3.45881,0.347844,0.312769,1.3805,0.182805,0.192815,0.154622,0.0580488,4.14367,0.501431,0.398135,0.269279,0.251549,2.09263,0.840802,0.462214,0.160848,0.236057,0.988726,0.470607,0.198698,0.229438,0.096921,0.521328,0.457496,0.209821,0.22718,0.130813,1.68675,1.01522,0.612938,0.455153,0.341066,1.43563,1.0227,0.739661,0.468593,0.241382,8.12012,0.527477,0.997902,0.379297,0.284442,0.29547,0.330773,0.186142,0.245721,0.150728,2.04457,0.660024,0.358215,0.219586,0.134527,51.3322,2.38413,0.710479,0.220559,0.303077,312.467,29.5426,3.52054,1.20895,0.341998,0,715,0,,,LastErrorRate:,0.2083,
11.444,7.34809,2.24638,0.838392,0.212683,7.06797,0.777871,0.495158,0.220812,0.157219,0.162709,0.108687,0.37935,0.127317,0.0489536,0.338955,0.387692,0.326493,0.231763,0.128662,0.310547,0.236377,0.126506,0.078041,0.117481,0.222185,0.445104,0.266025,0.212979,0.0599132,0.146885,0.25417,0.324868,0.20776,0.0955447,0.433822,0.908328,1.63323,0.867849,0.318228,0.784732,1.20778,3.10726,0.813932,0.197865,0.940458,0.500692,0.995469,0.548701,0.216402,0.143078,0.118496,0.297682,0.290362,0.173459,0.247635,0.395574,0.465663,0.315727,0.0990868,2.45724,0.470084,0.935322,0.381941,0.194764,10.3481,1.49946,1.19415,0.448785,0.182023,0,720,0,,,InconclusiveRate:,0,
0.638778,0.50799,0.859277,0.399081,0.174126,0.156954,0.171624,0.35674,0.181684,0.122658,0.136211,0.0972325,0.448455,0.104577,0.061739,0.244947,0.198027,0.317478,0.175783,0.102709,0.63845,0.293172,0.203482,0.153101,0.0876675,0.246972,0.316161,0.46494,0.271625,0.0808715,0.186178,0.199222,0.559414,0.257109,0.0635254,0.391498,1.00205,2.34688,0.993881,0.282579,0.600021,1.70845,4.02173,0.748007,0.225718,0.654208,1.30084,1.72272,0.404856,0.232045,0.247,0.268037,0.437865,0.215464,0.114173,0.464276,0.391006,0.557656,0.302196,0.0783987,0.655754,0.601227,1.08838,0.414106,0.173804,0.880549,0.666814,1.35223,0.472056,0.122639,1,725,0,,,ClassifiedRate:,1,
12.4322,3.72503,1.07648,0.504501,0.201887,4.90083,1.3041,0.840701,0.353305,0.132417,0.262642,0.156612,0.293531,0.115451,0.0626996,0.60713,0.494675,0.380871,0.250766,0.17265,0.739663,0.281016,0.347973,0.174212,0.1139,0.433197,0.443949,0.509783,0.378026,0.0957881,0.37117,0.611899,0.667827,0.323144,0.0793751,0.858437,2.15251,2.6183,0.652354,0.340681,1.32009,3.56075,3.04269,0.452486,0.240366,1.94854,7.71997,4.14258,0.390471,0.27908,0.307538,1.14137,0.721133,0.187292,0.108446,0.61734,0.811442,0.864217,0.206586,0.0928812,3.70627,2.95184,1.5273,0.363567,0.180584,27.5778,5.7035,2.58278,0.521434,0.121112,0,730,1,,,Sensitivity:,0.8947,
218.155,43.8133,4.39198,1.51315,0.327356,76.2628,11.1386,3.20375,1.15442,0.245956,2.1943,0.549366,0.420422,0.213304,0.0938084,4.01197,1.23047,1.03557,0.476757,0.232408,5.44725,0.656461,0.435103,0.257737,0.275761,0.999048,0.460073,0.336668,0.234122,0.0887538,0.862073,0.407384,0.50011,0.258866,0.116459,1.81177,1.48522,2.2939,0.662602,0.537251,2.31566,2.33336,2.28106,0.34751,0.253772,5.80257,7.86633,3.36689,0.393739,0.182247,0.340934,1.57611,0.494022,0.202525,0.128722,2.27325,1.17184,0.784304,0.348748,0.1356,44.8509,9.60709,1.43874,0.260544,0.250237,448.082,53.7049,9.73173,1.6708,0.336329,0,735,0,,,Specificity:,0.4,
262.335,46.1861,4.57762,1.20377,0.340926,79.8461,9.3872,3.10382,0.978494,0.252815,2.67581,0.410583,0.296949,0.163658,0.0897697,4.89211,0.845318,1.2452,0.353131,0.222658,6.56876,0.714566,0.493577,0.256459,0.278958,1.0298,0.300412,0.387963,0.2699,0.124024,0.887838,0.335983,0.436949,0.316502,0.139716,1.73836,1.45704,1.66666,0.976131,0.486033,1.66732,1.2791,1.5796,0.614967,0.182252,4.92198,2.53122,2.68938,0.703354,0.101711,0.327555,1.15342,0.775716,0.2081,0.0802915,2.77591,1.07445,0.875219,0.294059,0.131847,43.7015,7.96885,1.76044,0.277331,0.291696,461.232,47.3267,8.83935,1.32216,0.332939,0,740,0,,,PositivePredictiveValue:,0.85,
27.4339,4.56253,0.98034,0.334285,0.275218,6.20924,1.44235,0.546583,0.257566,0.22444,0.698045,0.153917,0.142507,0.109006,0.0798231,1.30049,0.469579,0.373771,0.329177,0.239508,1.09684,0.199055,0.231884,0.168481,0.132169,0.589316,0.477114,0.307581,0.244795,0.132137,0.379142,0.385803,0.347687,0.29789,0.129654,0.77413,0.889344,1.16841,0.931378,0.286458,1.06409,0.764902,1.44853,0.896694,0.186475,2.06545,1.05043,3.73516,1.30418,0.197187,0.216058,0.611232,0.782525,0.303875,0.0924956,0.927245,0.65206,0.965851,0.378044,0.137809,3.44754,1.82402,1.07547,0.432173,0.223131,34.1194,4.37717,1.91847,0.46418,0.211402,0,745,0,,,NegativePredictiveValue:,0.5,
1.67087,1.09631,0.551483,0.186942,0.232014,0.527952,0.528379,0.257265,0.236326,0.196077,0.224975,0.221019,0.233391,0.0543674,0.0786453,0.597539,0.398348,0.177931,0.264909,0.152578,0.457651,0.195056,0.159879,0.21987,0.0828537,0.628901,0.688648,0.313453,0.233855,0.0671128,0.377711,0.42244,0.224217,0.181849,0.103393,0.692405,1.60215,1.12282,0.65396,0.234575,1.09723,1.13557,1.18094,0.526682,0.167235,1.93069,0.490945,2.16592,0.551741,0.240201,0.190521,0.188035,0.668918,0.199426,0.102687,0.476429,0.358143,0.670737,0.265267,0.111273,0.622606,0.627665,0.978332,0.319528,0.228623,1.43824,0.844266,1.20557,0.346201,0.196594,1,750,0,,,PositiveLikelihood:,1.4912,
0.814055,0.885983,0.670322,0.309203,0.223239,0.385393,0.309773,0.388376,0.242376,0.198287,0.140769,0.224684,0.282479,0.0355395,0.0880562,0.390622,0.248872,0.196108,0.194391,0.169636,0.256346,0.152463,0.139636,0.161806,0.0917155,0.5439,0.509149,0.27352,0.274431,0.0592586,0.269992,0.238964,0.197409,0.218285,0.0999609,0.564091,1.27649,1.13687,0.778339,0.291107,0.699677,0.874637,0.869962,0.536313,0.165989,0.829089,0.367974,1.21112,0.462043,0.204226,0.17578,0.133918,0.544883,0.210561,0.0881456,0.439661,0.312269,0.507939,0.171625,0.079053,0.436339,0.634979,0.872946,0.342981,0.23158,0.782882,0.796235,1.34958,0.387351,0.202084,0,755,1,,,NegativeLikelihood:,0.2632,
58.1612,25.9648,5.43272,1.54242,0.482466,82.7497,8.52018,1.57856,0.293643,0.241549,0.85754,0.23554,0.320278,0.0730277,0.124556,1.5406,0.291321,0.352684,0.245803,0.264561,1.36543,0.334214,0.477175,0.22871,0.134319,0.780162,0.298628,0.287118,0.274241,0.0793765,0.370966,0.198525,0.230775,0.234375,0.143723,0.925164,0.954883,0.825544,0.793515,0.322525,0.658127,0.640341,0.730225,0.675485,0.216286,4.28836,1.00418,0.741398,0.448231,0.253798,0.261221,0.221124,0.150408,0.203351,0.089507,0.723667,0.346878,0.239252,0.167029,0.0851713,24.5345,1.10036,0.304038,0.305718,0.237348,95.812,18.2738,1.83121,0.564858,0.239724,0,760,0,,,Prevalence:,0.7917,
380.007,199.007,44.418,10.0321,1.69289,417.103,33.7123,5.44435,0.774077,0.329795,4.16492,0.659796,0.348409,0.165862,0.217802,6.42735,0.369414,1.04524,0.480591,0.312514,7.02285,1.80422,2.01245,0.569698,0.226259,2.90007,0.553457,0.665702,0.556995,0.108854,1.37062,0.439012,0.361441,0.393907,0.188805,2.75988,2.12736,0.434624,0.56065,0.417489,2.48717,2.13695,0.988118,0.540559,0.278269,21.431,3.28455,1.50784,0.663395,0.294298,0.646632,0.539299,0.173014,0.360908,0.117395,1.80916,0.446825,0.629104,0.400233,0.105108,118.084,3.89729,0.555029,0.44624,0.325224,378.192,88.3139,3.90254,1.48067,0.391128,0,765,0,,,DiagnosticTable:,[2x2,double]
256.753,120.037,29.746,6.25624,0.847296,176.378,11.8742,2.16411,0.45461,0.244947,1.91848,0.421979,0.168731,0.144704,0.139543,3.01072,0.206655,0.685008,0.241632,0.222853,3.65577,1.06738,1.07088,0.349076,0.196263,1.42764,0.529223,0.519545,0.464725,0.121708,0.770193,0.514892,0.330455,0.411546,0.145151,1.7161,2.09749,0.477399,0.66689,0.489354,1.71432,2.30206,0.993142,0.494519,0.27595,10.9927,4.0172,2.37127,0.93886,0.240027,0.607692,1.52341,0.308448,0.284518,0.133193,1.38168,0.758606,0.526382,0.358585,0.113263,50.0756,4.11254,0.905959,0.485825,0.217617,135.139,38.3577,2.15285,0.934337,0.264957,0,770,0,,,,,
0.423259,0.472638,0.419215,0.731901,0.158736,0.174865,0.246786,0.232867,0.449631,0.128367,0.0573211,0.1583,0.195362,0.167391,0.0633825,0.193673,0.197224,0.188222,0.29012,0.148914,0.129399,0.132465,0.231554,0.225937,0.127054,0.229326,0.101221,0.167531,0.239168,0.0901797,0.153744,0.176714,0.11791,0.307649,0.0753837,1.12714,1.9183,0.580476,0.883373,0.318321,0.518438,1.03496,0.819858,0.862924,0.195641,1.13001,1.14735,1.06667,1.15362,0.209851,0.247048,0.617662,0.513458,0.622879,0.100401,0.432625,0.492608,0.487352,0.556276,0.0907951,0.513589,1.35196,0.834806,0.985253,0.143905,0.902443,1.19872,0.948865,1.09804,0.127791,1,775,0,,,,,
20.4068,5.6497,0.928562,0.943146,0.197963,6.03281,1.02731,0.432232,0.446299,0.119429,0.14047,0.200583,0.152266,0.24821,0.0686516,0.365135,0.334967,0.278684,0.344962,0.168997,0.498356,0.476176,0.293857,0.212532,0.140598,0.194755,0.116637,0.297509,0.269655,0.108812,0.0844669,0.252168,0.187083,0.23815,0.132874,0.470135,1.85143,0.465887,0.917772,0.42032,0.306087,0.987329,0.389942,0.725787,0.232956,0.887063,1.28286,0.577906,0.757704,0.112154,0.19776,1.14485,0.443715,0.612278,0.112043,0.254796,1.02911,0.497093,0.612448,0.0938217,5.58726,3.21309,0.723746,0.906481,0.112761,44.3156,7.69762,1.05828,1.29652,0.174841,0,780,0,,,,,
218.606,64.7394,9.33982,1.45971,0.999371,70.3119,5.4134,1.40766,0.581856,0.153876,1.10875,0.442748,0.520714,0.239098,0.126096,1.86765,0.846863,0.565083,0.331298,0.236702,1.74704,0.980594,1.27319,0.483077,0.230823,0.177731,0.179881,0.528901,0.457814,0.0928846,0.151567,0.171508,0.240457,0.20943,0.13077,0.227328,1.08464,0.38408,1.09242,0.412453,0.197057,0.590308,0.439149,0.758593,0.283178,1.67164,0.629001,0.467747,0.370937,0.153503,0.581478,0.78093,0.366407,0.253797,0.156505,0.565129,0.972161,1.05741,0.309051,0.11584,54.4227,5.82171,0.450831,0.469783,0.177054,444.654,46.5077,2.67691,2.09879,0.517759,0,785,0,,,,,
196.771,60.6444,10.7784,1.33158,0.908765,56.7945,3.47131,1.24638,0.53974,0.189133,1.38761,0.79264,0.671439,0.24421,0.181134,1.7038,0.847334,0.519353,0.43099,0.282866,1.61186,0.887597,1.25601,0.476254,0.251412,0.311619,0.333676,0.536504,0.263311,0.0615021,0.246717,0.155652,0.251002,0.181883,0.120116,0.423589,0.54009,0.847001,0.868226,0.291942,0.337542,0.477925,0.874491,0.655513,0.235342,1.19499,0.462364,0.95686,0.40639,0.231591,0.649911,0.378559,0.637264,0.288992,0.154105,0.691559,0.588517,1.05909,0.349579,0.114346,41.0274,2.79765,0.824097,0.36689,0.213004,331.745,31.9478,3.23898,1.57986,0.448876,0,790,0,,,,,
17.3268,4.801,1.53609,0.550638,0.191294,3.12552,0.586712,0.535602,0.248864,0.154214,0.494751,0.31971,0.251438,0.140857,0.107192,0.612531,0.495932,0.348378,0.2988,0.210208,0.300943,0.438621,0.430665,0.195331,0.159726,0.361351,0.585797,0.497324,0.14992,0.0480579,0.329788,0.325153,0.397652,0.16046,0.106977,0.936935,1.06476,1.33485,0.970957,0.301889,0.775861,1.05102,1.32191,0.877511,0.188088,0.763177,0.837863,0.908476,0.522372,0.202182,0.384149,0.354417,0.424671,0.26044,0.0930202,0.781255,0.626941,0.46504,0.377177,0.0954083,2.52971,0.841525,0.658842,0.302877,0.151511,17.7188,2.56421,1.09132,0.767042,0.198248,0,795,0,,,,,
1.65362,0.536743,0.823615,0.678155,0.127874,0.404124,0.240494,0.392368,0.299073,0.142061,0.292005,0.115059,0.0816518,0.142982,0.0706143,0.541746,0.208029,0.297642,0.266404,0.204146,0.187216,0.160476,0.220581,0.103352,0.135035,0.607413,0.43277,0.388572,0.227223,0.0746305,0.45216,0.300506,0.307874,0.163633,0.084944,2.00932,1.07589,1.0367,1.17711,0.230736,1.61005,1.25364,1.36794,1.329,0.170714,1.63607,1.10285,0.923006,0.88455,0.148839,0.464669,0.203708,0.356506,0.261075,0.107401,1.17062,0.342515,0.449258,0.415581,0.133451,1.2948,0.375312,0.547884,0.38916,0.122098,2.59879,0.638584,0.945068,0.849419,0.158218,1,800,1,,,,,
1.42247,0.579146,0.559684,0.686075,0.15526,0.472732,0.191768,0.202016,0.331654,0.201272,0.18397,0.128486,0.0650555,0.174572,0.0560879,0.607333,0.249632,0.311636,0.307165,0.238625,0.120328,0.147713,0.138418,0.112164,0.139702,0.578087,0.514792,0.431754,0.345386,0.106331,0.366286,0.349795,0.297317,0.327209,0.110181,1.53162,1.82945,0.666935,1.29793,0.361211,1.12427,1.29634,1.05491,1.18913,0.287404,1.51966,1.86122,1.05458,0.699941,0.23708,0.428368,0.268852,0.28284,0.206393,0.102923,0.867708,0.345871,0.285484,0.323112,0.142531,1.19821,0.517424,0.507304,0.434428,0.170499,2.29379,0.653805,0.562549,0.631511,0.142078,0,805,0,,,,,
78.3062,31.5119,6.5066,1.6724,0.496933,67.2625,7.94643,1.08642,0.260096,0.18127,0.963147,0.0898164,0.15967,0.177127,0.0650134,1.45039,0.244456,0.250763,0.30135,0.191769,2.05494,0.523948,0.38129,0.342555,0.219588,0.786631,0.741194,0.612923,0.562047,0.0942953,0.635698,0.390347,0.316518,0.452635,0.133295,1.25544,1.40309,0.606058,1.50589,0.435689,1.12462,1.01093,0.697296,1.19298,0.329283,4.07308,1.9386,0.609981,0.361526,0.357014,0.461455,0.304319,0.291206,0.214556,0.119027,1.0881,0.300516,0.206998,0.304781,0.133331,21.7879,2.25492,0.549328,0.282414,0.254517,129.418,18.1776,1.58247,0.870148,0.265929,0,810,0,,,,,
448.913,217.837,45.5864,9.76415,1.52985,344.544,34.3379,3.66888,0.704043,0.251387,4.77699,0.221571,0.288147,0.123268,0.143468,6.85807,0.204005,0.335718,0.298648,0.22327,9.05633,1.81054,0.989797,0.749251,0.470328,2.55537,0.947075,0.329654,0.468825,0.132774,2.57051,0.365221,0.22844,0.393001,0.157734,4.12629,0.683914,0.897277,1.19768,0.51854,3.72583,1.16112,0.680453,0.884138,0.308233,19.1176,2.89019,1.39506,0.390799,0.256446,0.718643,0.309349,0.653341,0.270549,0.144218,2.78831,0.258614,0.552514,0.328246,0.106725,101.923,6.02042,1.08875,0.353391,0.205029,577.685,84.5282,4.96851,2.1987,0.594231,0,815,0,,,,,
279.27,124.226,27.4193,6.2862,0.710098,148.101,12.5304,1.47028,0.647547,0.170243,2.26592,0.124851,0.220383,0.148796,0.118204,3.55738,0.149068,0.220248,0.262137,0.210571,3.81599,0.921165,0.698791,0.516875,0.273777,1.84222,0.680692,0.132406,0.32173,0.130515,1.62124,0.35429,0.152861,0.334345,0.131437,2.94617,0.853853,0.66356,0.837732,0.513393,2.7254,1.33725,0.706663,0.633714,0.347332,11.2497,4.36364,3.23957,0.727299,0.216949,0.725159,1.20716,1.14799,0.505958,0.123188,1.90792,0.421296,0.60925,0.552303,0.136869,43.6343,3.68576,1.78531,0.822406,0.17978,229.216,34.7624,3.4024,1.81197,0.324417,0,820,0,,,,,
12.6127,3.82693,1.75564,1.03706,0.219587,3.37187,0.564342,0.547192,0.336231,0.115581,0.183353,0.0780166,0.25692,0.194711,0.0807283,0.523186,0.203633,0.375933,0.348682,0.224119,0.291231,0.167132,0.181417,0.324892,0.158923,0.595263,0.467073,0.296186,0.309223,0.126987,0.305524,0.330289,0.169769,0.282593,0.125432,0.741184,0.70388,0.444247,0.954968,0.33826,0.593258,1.10442,0.884491,0.843866,0.263332,1.60707,3.60085,3.21393,0.881404,0.192931,0.469859,1.40333,1.15119,0.404041,0.0812868,0.793354,0.66079,0.649655,0.445234,0.114134,1.94616,2.51769,1.98291,0.658655,0.177947,5.1351,2.68099,2.04418,0.895879,0.150821,1,825,0,,,,,
0.897704,0.605573,0.843866,0.692546,0.177075,0.31491,0.416069,0.558827,0.314045,0.114284,0.108825,0.0960558,0.216082,0.179247,0.0849736,0.401719,0.297491,0.403454,0.28666,0.154385,0.248708,0.192683,0.168613,0.234303,0.142484,0.617429,0.302673,0.293633,0.283839,0.0917646,0.283743,0.189733,0.172089,0.183698,0.121789,0.435346,0.452893,0.837063,0.867538,0.263931,0.493584,0.563903,0.921761,0.589127,0.23698,0.690218,1.16758,1.35982,0.564692,0.262791,0.173101,0.513833,0.66092,0.18017,0.105138,0.473068,0.47051,0.487855,0.245637,0.104098,0.551488,0.998315,1.1071,0.264078,0.172515,1.12388,1.3008,1.6609,0.427308,0.158016,0,830,0,,,,,
211.587,115.321,11.4986,2.44511,0.61258,184.81,21.9513,5.11023,0.838655,0.27063,2.21356,0.146528,0.155147,0.0816298,0.0595131,3.43276,0.481367,0.275088,0.256823,0.166096,3.99629,1.08241,0.507511,0.292719,0.178236,1.26257,0.616995,0.593108,0.228441,0.1135,0.883563,0.340971,0.287224,0.163603,0.109477,1.8177,1.01245,0.89761,0.709061,0.38898,1.73341,1.04254,2.1286,0.710322,0.260967,6.21697,1.05888,1.85862,0.367469,0.248875,0.387732,0.357831,0.217227,0.202852,0.119504,1.09045,0.355673,0.394043,0.215343,0.11524,72.4282,6.96788,1.46961,0.366157,0.174693,412.511,48.7335,7.73581,2.02641,0.461872,0,835,0,,,,,
318.191,161.731,21.5723,3.46342,0.589434,228.275,22.152,6.39945,0.807201,0.288001,2.65508,0.216585,0.328434,0.145391,0.0625136,4.07818,0.415436,0.417586,0.317205,0.222838,4.29773,0.964517,0.569902,0.301133,0.190438,1.76484,0.576635,0.778345,0.245998,0.084021,1.23492,0.265728,0.345279,0.181177,0.0943781,2.26396,0.683339,1.93143,1.05437,0.33752,1.96026,0.848066,3.43832,1.09665,0.204835,7.36135,0.970887,2.32171,0.711258,0.186108,0.422873,0.50324,0.371745,0.296228,0.132251,1.05859,0.661677,0.735996,0.393682,0.141888,85.3473,6.29864,2.15329,0.397948,0.179383,478.143,53.7485,10.9605,2.23149,0.485568,0,840,0,,,,,
48.5717,17.2272,4.64415,1.2523,0.306613,20.117,1.67056,1.58366,0.358987,0.211924,0.55635,0.291437,0.297721,0.207815,0.0566428,1.15698,0.133912,0.654405,0.275144,0.258425,0.648377,0.151447,0.23301,0.147925,0.169889,1.06412,0.431106,0.838283,0.391404,0.0904793,0.730881,0.236976,0.322602,0.191602,0.100268,1.82641,0.666951,2.26736,1.25398,0.345519,1.58883,0.971026,2.82711,1.12862,0.198379,2.51639,1.017,2.23407,0.925892,0.160332,0.417579,0.299827,0.398528,0.320476,0.151972,0.895353,0.554957,0.684893,0.58417,0.122874,7.65203,1.16898,1.17836,0.511604,0.15988,41.5648,5.09218,3.04842,1.25004,0.218122,0,845,0,,,,,
1.12372,0.401237,0.852349,0.853675,0.222469,0.521059,0.202124,0.739407,0.446313,0.158154,0.199581,0.227803,0.144062,0.228646,0.0702898,0.425233,0.122729,0.509254,0.370411,0.203153,0.216815,0.137859,0.17547,0.139782,0.158535,0.789896,0.313704,0.760627,0.309174,0.112859,0.556549,0.188492,0.298837,0.17265,0.127056,1.68301,0.709803,1.38396,1.18967,0.272998,1.30443,0.896207,1.16437,0.914872,0.198653,1.5766,0.793306,0.924201,0.648974,0.156353,0.266827,0.223157,0.206042,0.504833,0.13471,0.601863,0.385048,0.407887,0.9546,0.0882574,0.689297,0.673212,0.440042,0.774514,0.225364,1.67658,1.10423,0.785118,1.48127,0.179176,1,850,1,,,,,
,,,,,,,,,,,,,,,,,,,,,,,,,,,,,,,,,,,,,,,,,,,,,,,,,,,,,,,,,,,,,,,,,,,,,,,,,,,,,
